[
   {
      "url": "https://g1.globo.com/ro/rondonia/noticia/2020/12/31/rondonia-termina-o-ano-com-1817-mortos-pela-covid-19.ghtml",
      "image": "https://s2.glbimg.com/AfybU4HD3qkmGCEEPIV1_N89qzo=/i.s3.glbimg.com/v1/AUTH_59edd422c0c84a879bd37670ae4f538a/internal_photos/bs/2020/z/4/mgoQ97RrqMSiqgBiasOg/drone-cemiterio-2307-1005-.jpg",
      "regiao": "RO",
      "localidade": "Rondonia",
      "titulo": "Rond\u00f4nia termina o ano com 1.817 mortos pela Covid-19",
      "subTitulo": "Estado contabilizou 95.729 casos da doen\u00e7a desde o in\u00edcio da pandemia. Rond\u00f4nia apresenta alta de +52% na m\u00e9dia m\u00f3vel de mortes. ",
      "dataPublicacao": "31/12/2020 23h43",
      "localPublicacao": "",
      "entidades": [],
      "noticia": [
         " Rond\u00f4nia registrou mais 694 casos de Covid-19 e 12 mortes pela doen\u00e7a nesta quinta-feira (31), segundo dados divulgados pela Ag\u00eancia Estadual de Vigil\u00e2ncia em Sa\u00fade (Agevisa) e Secretaria de Estado da Sa\u00fade (Sesau). ",
         " Com esses n\u00fameros, o estado chega a 95.729 pessoas infectadas pelos novo coronav\u00edrus desde o in\u00edcio da pandemia e 1.817 v\u00edtimas fatais. ",
         " As mortes foram: ",
         "Uma idosa de 101 anos em Ariquemes,Dois idosos de 78 e 81 anos em Machadinho D\u2019Oeste, Duas idosas em Pimenta Bueno, ambas com 66 anosUm homem de 58 anos em Guajar\u00e1-Mirim, Um idoso de 74 anos em Jaru, Uma idosa de 88 anos em Ji-Paran\u00e1, Uma idosa de 75 anos em Nova Mamor\u00e9, Uma idosa de 85 anos em Theobroma, Uma idosa de 79 anos em Vale do Para\u00edso e Uma de 65 anos, moradora de Vilhena.",
         " Tamb\u00e9m foi informado que o estado tem: ",
         " 12.174 casos ativos; 307 pacientes internados; 1.025 exames aguardando resultados do Lacen. ",
         " *Dados de mar\u00e7o s\u00e3o contabilizados a partir do dia 20, quando o Estado reconheceu o primeiro diagn\u00f3stico de Covid-19. ",
         "No Brasil ",
         " Segundo o Cons\u00f3rcio de ve\u00edculos de imprensa, o pa\u00eds registrou 1.036 mortes pela Covid-19 nas \u00faltimas 24 horas, chegando ao total de 194.976 \u00f3bitos desde o come\u00e7o da pandemia. ",
         " Em casos confirmados, desde o come\u00e7o da pandemia 7.675.781 brasileiros j\u00e1 tiveram ou t\u00eam o novo coronav\u00edrus, com 55.811 desses confirmados no \u00faltimo dia. ",
         " Nove estados apresentaram alta na m\u00e9dia m\u00f3vel de mortes: RO, MS, MT, AC, AM, AP, PA, AL e SE. ",
         "V\u00cdDEOS: Retrospectiva 2020 "
      ],
      "comentarios": []
   },
   {
      "url": "https://g1.globo.com/jornal-nacional/noticia/2020/12/31/internado-com-covid-prefeito-eleito-de-goiania-tomara-posse-por-videoconferencia.ghtml",
      "image": null,
      "regiao": "JORNAL-NACIONAL",
      "localidade": "Noticia",
      "titulo": "Internado com Covid, prefeito eleito de Goi\u00e2nia tomar\u00e1 posse por videoconfer\u00eancia",
      "subTitulo": "Maguito Vilela, do MDB, est\u00e1 internado h\u00e1 70 dias em um hospital de S\u00e3o Paulo. Aos 71 anos, ele foi eleito no segundo turno sem nem saber que havia sido o candidato mais votado no primeiro - na \u00e9poca, ainda estava intubado e sedado.",
      "dataPublicacao": "31/12/2020 22h49",
      "localPublicacao": "",
      "entidades": [
         "  Goi\u00e2nia  ",
         "  Maguito Vilela  "
      ],
      "noticia": [
         " Nesse 1\u00ba de janeiro, v\u00e3o tomar posse os prefeitos eleitos em todo o pa\u00eds. Mas em Goi\u00e2nia, a cerim\u00f4nia vai ser diferente. O novo prefeito, Maguito Villella, do MDB, est\u00e1 internado em S\u00e3o Paulo por causa de complica\u00e7\u00f5es da Covid. ",
         " Em um centro de eventos da Universidade Federal de Goi\u00e1s, tudo pronto para a posse. ",
         " \"As cadeiras est\u00e3o separadas com 1,5 a 2 metros de dist\u00e2ncias. Ningu\u00e9m dentro do evento vai poder movimentar essa cadeiras. Vai ter aviso no tel\u00e3o\", diz a chefe cerimonial, Nara Luiza de Oliveira. ",
         " Pela primeira vez, a cerim\u00f4nia n\u00e3o ter\u00e1 a presen\u00e7a do eleito. Maguito Vilela est\u00e1 internado h\u00e1 quase tr\u00eas meses com complica\u00e7\u00f5es da Covid. J\u00e1 passou por cirurgia para conter uma hemorragia nos pulm\u00f5es e foi intubado duas vezes. Foi eleito no segundo turno sem saber que havia sido o candidato mais votado no primeiro. Na \u00e9poca, ele estava intubado e sedado. ",
         " Nesta semana, a C\u00e2mara de Vereadores de Goi\u00e2nia autorizou Maguito a tomar posse como prefeito por videoconfer\u00eancia, sem que fosse preciso deixar o hospital. Mas os m\u00e9dicos desaconselharam essa alternativa para preservar a intimidade do novo prefeito, e a imagem n\u00e3o ser\u00e1 transmitida. Na UTI, com quadro cl\u00ednico est\u00e1vel e seda\u00e7\u00e3o leve, ele ser\u00e1 empossado com uma assinatura eletr\u00f4nica e sem juramento. ",
         " Na cerim\u00f4nia em Goi\u00e2nia, o vice, Rog\u00e9rio Cruz, do Republicanos, receber\u00e1 o cargo do atual prefeito e ficar\u00e1 interinamente at\u00e9 a recupera\u00e7\u00e3o de Maguito Vilela. ",
         " \"O prefeito eleito estar\u00e1 do hospital se comprometendo com a posse e, logo em seguida, apresentando a\u00ed o seu pedido de licen\u00e7a at\u00e9 que possa se recuperar plenamente e assumir a gest\u00e3o de fato aqui da prefeitura\", afirma Daniel Vilela, filho de Maguito Vilela. "
      ],
      "comentarios": []
   },
   {
      "url": "https://g1.globo.com/jornal-nacional/noticia/2020/12/31/linha-do-tempo-mostra-avanco-rapida-da-covid-no-brasil.ghtml",
      "image": null,
      "regiao": "JORNAL-NACIONAL",
      "localidade": "Noticia",
      "titulo": "Linha do tempo mostra avan\u00e7o r\u00e1pido da Covid no Brasil",
      "subTitulo": "Em gr\u00e1ficos, o JN relembra o come\u00e7o da doen\u00e7a no pa\u00eds, quando o primeiro caso foi registrado no dia 26 de fevereiro. No dia 17 de mar\u00e7o, 20 dias depois, a primeira morte foi registrada. ",
      "dataPublicacao": "31/12/2020 22h42",
      "localPublicacao": "",
      "entidades": [],
      "noticia": [
         " H\u00e1 exatamente um ano, a Organiza\u00e7\u00e3o Mundial da Sa\u00fade emitia o primeiro alerta sobre uma pneumonia misteriosa notificada pelas autoridades chinesas de Wuhan. De l\u00e1 para c\u00e1, o mundo acompanhou a evolu\u00e7\u00e3o assustadora dos casos e mortes. No Brasil, n\u00f3s fechamos 2020 com quase 195 mil \u00f3bitos. ",
         " As linhas do tempo mostram um avan\u00e7o r\u00e1pido da doen\u00e7a no pa\u00eds. Come\u00e7amos com a linha de casos confirmados. Do primeiro caso registrado no Brasil no dia 26 de fevereiro at\u00e9 atingirmos 1 milh\u00e3o de casos em 19 de junho, foram quase quatro meses. Foi o per\u00edodo mais restritivo de circula\u00e7\u00e3o de pessoas, quando os brasileiros mais ficaram em casa. ",
         " Depois, em menos de um m\u00eas, 16 de julho, chegamos a 2 milh\u00f5es de casos. Na sequ\u00eancia, levamos perto de um m\u00eas para chegar aos 3 milh\u00f5es em agosto. E mantivemos essa m\u00e9dia de tempo: em setembro atingimos 4 milh\u00f5es, em outubro, 5 milh\u00f5es. De 5 para 6 milh\u00f5es, levamos mais de 40 dias. Foi quando a transmiss\u00e3o desacelerou e parecia que a situa\u00e7\u00e3o poderia ficar sob controle. Mas n\u00e3o conseguimos manter esse ritmo. Em menos de um m\u00eas, atingimos 7 milh\u00f5es de diagn\u00f3sticos positivos de Covid. ",
         " Agora, a linha do tempo das mortes por Covid no Brasil. No dia 17 de mar\u00e7o, 20 dias depois do primeiro caso, o Brasil teve tamb\u00e9m a primeira morte. Quase tr\u00eas meses depois, chegamos \u00e0 marca de 50 mil v\u00edtimas da doen\u00e7a. Depois disso, o n\u00famero de mortes deu um salto em um per\u00edodo bem mais curto. Em cerca de dois meses, chegamos a 100 mil e, em mais dois meses, 150 mil. A\u00ed tivemos uma desacelera\u00e7\u00e3o, foram dois meses e meio para chegarmos at\u00e9 os quase 195 mil mortos de agora. ",
         " A m\u00e9dia m\u00f3vel \u00e9 uma m\u00e9dia calculada ao longo de sete dias. E por que ela \u00e9 importante? Nos fins de semana os servi\u00e7os de sa\u00fade trabalham em esquema de plant\u00e3o e acabam n\u00e3o registrando todos os casos que d\u00e3o entrada. Alguns casos do fim de semana s\u00f3 s\u00e3o contabilizados quando o expediente volta ao normal a partir das segundas-feiras. Isso distorce os n\u00fameros - e a m\u00e9dia m\u00f3vel corrige isso. ",
         " O gr\u00e1fico mostra uma subida at\u00e9 o come\u00e7o de junho, quando t\u00ednhamos 25 mil casos por dia, em m\u00e9dia. A\u00ed fomos subindo como degraus de uma escada. Fomos para o patamar de mais de 30 mil casos e depois para mais de 40 mil casos por dia, em m\u00e9dia, em julho e agosto. A\u00ed a m\u00e9dia foi caindo at\u00e9 chegar ao menor patamar da pandemia em novembro: 16 mil novos casos por dia. Depois os n\u00fameros voltaram a subir e registramos na semana passada mais de 47 mil casos, voltando ao patamar mais alto que t\u00ednhamos registrado l\u00e1 no meio do ano. ",
         " Sobre evolu\u00e7\u00e3o da m\u00e9dia m\u00f3vel de mortos: o gr\u00e1fico mostra uma subida bem r\u00e1pida e, em menos de dois meses depois do come\u00e7o da pandemia, passamos dos 900 mortos por dia, em m\u00e9dia, pela primeira vez. Diferentemente do que aconteceu em outros pa\u00edses, onde a subida foi r\u00e1pida, mas a queda tamb\u00e9m, no Brasil ficamos nessa m\u00e9dia alt\u00edssima de 900 mil mortes di\u00e1rias durante tr\u00eas meses, o chamado plat\u00f4. ",
         " A\u00ed fomos caindo bem devagar at\u00e9 atingimos a m\u00e9dia m\u00f3vel de 319 pessoas mortes por dia em novembro. Mas depois voltamos a subir e de novo passamos \u00e0s 700 mortes di\u00e1rias em dezembro. ",
         " Desta quarta-feira (30) para quinta (31), o Brasil registrou 1.036 mortes. \u00c9 o terceiro dia seguido com esse n\u00famero acima de mil. O n\u00famero total de pessoas que n\u00e3o resistiram \u00e0 Covid j\u00e1 chega a 194.976. ",
         " Nas \u00faltimas 24 horas, foram confirmados 55.811 novos casos da doen\u00e7a. O total \u00e9 de 7.675.781. ",
         " Nesta quinta, na m\u00e9dia, o Brasil registra 35.907 novos casos por dia, 23% a menos na compara\u00e7\u00e3o com a m\u00e9dia de duas semanas atr\u00e1s. Isso representa queda na m\u00e9dia de casos. J\u00e1 a m\u00e9dia de mortes est\u00e1 em 706 por dia, 6% a menos quando a gente compara com a m\u00e9dia de 14 dias atr\u00e1s. Essa diferen\u00e7a \u00e9 considerada estabilidade. ",
         " Nesta quinta, nove estados est\u00e3o com alta na m\u00e9dia de mortes: Acre, Amazonas, Amap\u00e1, que na quarta estava na estabilidade, Par\u00e1, Rond\u00f4nia, Alagoas, Sergipe, Mato Grosso do Sul e Mato Grosso, que veio da estabilidade. Os maiores aumentos foram registrados em Alagoas e no Amazonas. ",
         " Em estabilidade est\u00e3o o Distrito Federal e 12 estados: Bahia, Maranh\u00e3o, Para\u00edba, Pernambuco, Piau\u00ed, Rio Grande do Norte, toda a regi\u00e3o Sudeste: Minas Gerais, S\u00e3o Paulo, Rio de Janeiro, Esp\u00edrito Santo e Santa Catarina e Rio Grande do Sul. ",
         " E, com queda na m\u00e9dia de mortes, est\u00e3o nesta quinta cinco estados: Tocantins, Roraima, Cear\u00e1, Goi\u00e1s, e Paran\u00e1, que na quarta registraram estabilidade. As maiores quedas foram no Cear\u00e1 e em Goi\u00e1s. ",
         " A gente lembra que o cons\u00f3rcio de ve\u00edculos de imprensa come\u00e7ou a divulgar os dados no dia 09 de julho. E um gr\u00e1fico mostra, desde ent\u00e3o, a quantidade de estados brasileiros que registraram alta na m\u00e9dia m\u00f3vel de mortes. Come\u00e7amos com dez estados registrando alta nessa m\u00e9dia e seguimos uma trajet\u00f3ria de queda at\u00e9 registrarmos apenas um estado em setembro. Quanto menos estados, melhor. At\u00e9 meados de novembro, ficamos com no m\u00e1ximo 10 estados brasileiros em alta. Mas a\u00ed, com oscila\u00e7\u00f5es, atingimos o pico de 22 estados agora em dezembro. E tivemos uma diminui\u00e7\u00e3o nesses \u00faltimos dias. ",
         " Por outro lado, mostramos os estados brasileiros com queda nas mortes. Quanto mais, melhor. A oscila\u00e7\u00e3o nesse gr\u00e1fico \u00e9 bem maior. Come\u00e7amos com seis estados, subimos at\u00e9 termos 19 dos 27 estados brasileiros com queda nas mortes em setembro e tamb\u00e9m outubro. Uma \u00f3tima not\u00edcia. Mas agora em dezembro n\u00f3s ficamos boa parte do m\u00eas com menos do que cinco estados em queda, o que \u00e9 um dado preocupante. ",
         " Mais detalhes sobre a situa\u00e7\u00e3o do seu estado voc\u00ea confere em "
      ],
      "comentarios": []
   },
   {
      "url": "https://g1.globo.com/jornal-nacional/noticia/2020/12/31/anvisa-ganha-todas-as-atencoes-nesta-virada-de-ano-com-expectativa-da-vacina-contra-a-covid.ghtml",
      "image": null,
      "regiao": "JORNAL-NACIONAL",
      "localidade": "Noticia",
      "titulo": "Anvisa ganha todas as aten\u00e7\u00f5es nesta virada de ano com expectativa da vacina contra a Covid",
      "subTitulo": "A Anvisa \u00e9 vinculada ao Minist\u00e9rio da Sa\u00fade e foi criada em 1999. Enquanto a ci\u00eancia se dedica \u00e0 cura e \u00e0 busca de imunizantes para conter o coronav\u00edrus, a ag\u00eancia funciona como um filtro. S\u00f3 pode deixar passar o que for eficiente e seguro.",
      "dataPublicacao": "31/12/2020 22h26",
      "localPublicacao": "",
      "entidades": [
         "  Anvisa  "
      ],
      "noticia": [
         " Nessa momento de pandemia no Brasil, as aten\u00e7\u00f5es se concentram de uma forma in\u00e9dita sobre um determinado \u00f3rg\u00e3o p\u00fablico: a Ag\u00eancia Nacional de Vigil\u00e2ncia Sanit\u00e1ria. ",
         " A Anvisa \u00e9 uma autarquia vinculada ao Minist\u00e9rio da Sa\u00fade criada em 1999. A ag\u00eancia regula, controla e fiscaliza servi\u00e7os e produtos que implicam risco \u00e0 sa\u00fade. A\u00ed est\u00e3o, por exemplo, alimentos, cosm\u00e9ticos e medicamentos. ",
         " A pandemia colocou a Anvisa no olho do furac\u00e3o. Enquanto a ci\u00eancia se dedica \u00e0 cura e \u00e0 busca de imunizantes para conter o coronav\u00edrus, a ag\u00eancia funciona como um filtro. S\u00f3 pode deixar passar o que for eficiente e seguro. ",
         " Neste momento, a expectativa dos brasileiros \u00e9 para as vacinas contra a Covid. E, as palavras de ordem s\u00e3o: registro e \"uso emergencial \", e quem bate o martelo \u00e9 a Anvisa. ",
         " Mais de 40 pa\u00edses j\u00e1 come\u00e7aram a vacinar seus cidad\u00e3os. No Brasil, a previs\u00e3o do governo \u00e9 que, na melhor das hip\u00f3teses, a gente ainda tenha que esperar pelo menos mais 20 dias. A autoriza\u00e7\u00e3o para uso emergencial, que seria a op\u00e7\u00e3o mais r\u00e1pida, e est\u00e1 sendo adotada na maioria dos pa\u00edses, ainda n\u00e3o decolou por aqui. ",
         " No in\u00edcio desta semana, a Pfizer criticou as exig\u00eancias da Anvisa para esta modalidade. Disse que seria mais r\u00e1pido optar pelo registro definitivo. A ag\u00eancia recuou: alterou duas regras do pedido de uso emergencial e flexibilizou a que exigia o n\u00famero de vacinas prontas. Em vez de informa\u00e7\u00f5es sobre a quantidade de produto acabado dispon\u00edvel e cronograma de disponibiliza\u00e7\u00e3o ao pa\u00eds, agora a ag\u00eancia exige informa\u00e7\u00f5es sobre a previs\u00e3o da quantidade de produto acabado dispon\u00edvel para importa\u00e7\u00e3o ou e disponibiliza\u00e7\u00e3o. ",
         " A outra altera\u00e7\u00e3o foi no termo de consentimento para o uso emergencial de vacina. Antes n\u00e3o havia detalhes. Agora a Anvisa sugere utilizar o modelo disponibilizado pelo Governo do Reino Unido ou outro modelo desenvolvido pela empresa. ",
         " Em entrevista \u00e0 GloboNews, o gerente-geral de Medicamentos da ag\u00eancia, Gustavo Mendes reconheceu o trabalho das ag\u00eancias estrangeiras e disse que a Anvisa trabalha com padr\u00f5es internacionais. ",
         " \u201cO que a gente colocou ali como requisito de autoriza\u00e7\u00e3o de uso emergencial s\u00e3o orienta\u00e7\u00f5es e de forma alguma s\u00e3o requisitos que s\u00e3o mais rigorosos do que os aplicados nos outros pa\u00edses, principalmente nos pa\u00edses altamente regulados, como FDA e EMA. Esses requisitos s\u00e3o baseados nessas discuss\u00f5es que foram feitas entre a Anvisa e outras ag\u00eancias reguladoras e s\u00e3o aquelas informa\u00e7\u00f5es m\u00ednimas para demonstrar seguran\u00e7a, efic\u00e1cia e qualidade\u201d, defendeu. ",
         " E tentou tranquilizar os brasileiros. \u201cPrimeiro, queria deixar claro isso, que a Anvisa n\u00e3o est\u00e1 parada nem atrasando qualquer processo de vacina\u00e7\u00e3o, porque essa \u00e9 uma pergunta que tem feito muito minha fam\u00edlia tamb\u00e9m. Primeiro, a gente, nessas duas semanas, Natal e agora, nessa semana depois do Natal, a gente trabalhou intensamente fazendo essas reuni\u00f5es com as empresas, verificando com eles se eles tinham alguma informa\u00e7\u00e3o que n\u00e3o estavam claras, o que eles precisavam para viabilizar a submiss\u00e3o, mas o fato \u00e9: at\u00e9 o momento, n\u00e3o temos nenhum pedido, nem de autoriza\u00e7\u00e3o de uso emergencial, nem de registro de vacina\u201d, disse. ",
         " Os secret\u00e1rios de Sa\u00fade dos estados est\u00e3o preocupados com prazos. Nesta quinta (31), tiveram uma reuni\u00e3o com a ag\u00eancia. ",
         " \u201cOs secret\u00e1rios de todo o pa\u00eds manifestaram a sua preocupa\u00e7\u00e3o com a demora em a Anvisa conseguir conceder os registros de emerg\u00eancia e definitivos para emprego das vacinas, manifestamos a nossa preocupa\u00e7\u00e3o em termos vacinas sendo produzidas no pa\u00eds e n\u00e3o podermos utilizar na popula\u00e7\u00e3o brasileira. Tanto a dire\u00e7\u00e3o quanto os t\u00e9cnicos foram solid\u00e1rios \u00e0s nossas preocupa\u00e7\u00f5es para poder tornar esse processo regulat\u00f3rio mais acelerado\u201d, disse F\u00e1bio Vilas-Boas, secret\u00e1rio da Sa\u00fade do estado da Bahia. "
      ],
      "comentarios": []
   },
   {
      "url": "https://g1.globo.com/jornal-nacional/noticia/2020/12/31/comerciante-de-mg-acusado-de-abuso-sexual-teve-audiencia-cancelada-devido-a-pandemia.ghtml",
      "image": null,
      "regiao": "JORNAL-NACIONAL",
      "localidade": "Noticia",
      "titulo": "Comerciante de MG acusado de abuso sexual teve audi\u00eancia cancelada devido \u00e0 pandemia",
      "subTitulo": "Cleidson Fernandes virou r\u00e9u em 2019, mas a primeira audi\u00eancia, marcada para novembro, n\u00e3o aconteceu. Enquanto provid\u00eancias oficiais se arrastavam, o acusado continuava solto e relatos de outros ataques atribu\u00eddos a ele iam se multiplicando.",
      "dataPublicacao": "31/12/2020 22h04",
      "localPublicacao": "",
      "entidades": [],
      "noticia": [
         " O comerciante acusado de abuso sexual por dezenas de mulheres j\u00e1 responde a um processo por estupro. ",
         " \u201cEle me pediu para experimentar um vestido. Na verdade, ele me imp\u00f4s. Eu fiquei sem ter como negar. E a\u00ed, muito r\u00e1pido, ele entrou dentro do provador e me pegou pelo bra\u00e7o e pelo cabelo e me fez ficar de joelho. E ali ele queria que eu fizesse sexo oral nele. Eu consegui esquivar o bra\u00e7o dele e ir embora\u201d, conta uma v\u00edtima. ",
         " A jovem afirma que o ataque aconteceu h\u00e1 dois anos, quando ela tinha 18 anos, em uma entrevista de emprego. Ela denunciou Cleidson Fernandes, que virou r\u00e9u em 2019 por estupro. A primeira audi\u00eancia estava marcada para novembro, mas foi cancelada por causa da pandemia. ",
         " Cleidson responde ao processo em liberdade. Nos \u00faltimos dias, as den\u00fancias contra ele se multiplicaram nas redes. ",
         " J\u00e1 s\u00e3o mais de 50 relatos de mulheres que dizem ter sido v\u00edtimas de abuso e estupro pelo comerciante. Oficialmente a pol\u00edcia investiga queixas de pelo menos sete v\u00edtimas que apontam a loja do comerciante, em shopping popular como local da maioria dos crimes. A loja est\u00e1 fechada desde que as den\u00fancias surgiram. A administra\u00e7\u00e3o do shopping disse que um parente de Cleidson entrou em contato informando que ir\u00e1 encerrar as atividades nos pr\u00f3ximos dias. ",
         " Nesta quarta (30), a advogada do comerciante deixou o caso alegando raz\u00f5es particulares. O Jornal Nacional n\u00e3o conseguiu falar com o empres\u00e1rio. Vizinhos confirmaram que Cleidson mora em uma casa na regi\u00e3o nordeste de BH. Na tarde desta quinta-feira (31), tinha gente no local, mas ningu\u00e9m atendeu. ",
         " A primeira den\u00fancia contra o comerciante \u00e9 de 2017. Uma jovem diz que foi assediada em uma entrevista de emprego. A Justi\u00e7a arquivou o caso por falta de provas, mas outras mulherex continuam lutando para que ningu\u00e9m mais tenha que passar por isso no futuro. ",
         " \u201cQuando eu resolvi falar, eu fui questionada se realmente foi verdade, eu fui questionada se a culpa n\u00e3o tinha sido minha. N\u00f3s que temos que criar provas para dizer que realmente aconteceu aquilo conosco\u201d, lamenta uma v\u00edtima. "
      ],
      "comentarios": []
   },
   {
      "url": "https://g1.globo.com/jornal-nacional/noticia/2020/12/31/vacina-de-oxfordastrazeneca-tem-eficacia-de-70percent-ja-na-1a-dose-apontam-testes-no-brasil.ghtml",
      "image": null,
      "regiao": "JORNAL-NACIONAL",
      "localidade": "Noticia",
      "titulo": "Vacina de Oxford/AstraZeneca tem efic\u00e1cia de 70% j\u00e1 na 1\u00aa dose, apontam testes no Brasil",
      "subTitulo": "No Brasil, o laborat\u00f3rio tem parceria com a Fiocruz, que dever\u00e1 tamb\u00e9m produzir o imunizante e diz que deve enviar todos os documentos necess\u00e1rios para receber a autoriza\u00e7\u00e3o de uso emergencial da vacina para a Anvisa at\u00e9 o dia 15 de janeiro.",
      "dataPublicacao": "31/12/2020 21h57",
      "localPublicacao": "",
      "entidades": [],
      "noticia": [
         " A da universidade brit\u00e2nica de Oxford \u00e9 outra vacina que j\u00e1 apresentou resultados positivos e esta j\u00e1 est\u00e1 em fase final de testes no Brasil. ",
         " A Arianna \u00e9 dentista e trabalha em um hospital de S\u00e3o Paulo. Ela decidiu se voluntariar para a vacina da Universidade de Oxford em parceria com o laborat\u00f3rio AstraZeneca depois de ver o sofrimento dos pacientes contaminados pelo coronav\u00edrus. ",
         " \"Quando apareceu a oportunidade de me voluntariar, eu vi como a esperan\u00e7a para o fim dessa pandemia. Eu estava cansada, eu estou cansada j\u00e1 dessa realidade, de perder meus pacientes, de saudade da minha fam\u00edlia. Eu n\u00e3o vejo a hora. Eu vi na vacina uma luz no fim do t\u00fanel. Ent\u00e3o eu queria que isso acabasse logo. Eu acho que \u00e9 uma esperan\u00e7a\", conta. ",
         " Ela est\u00e1 sendo monitorada pelo laborat\u00f3rio desde julho, quando tomou a primeira dose. J\u00e1 teve duas gripes. \u201cEstou bem, gra\u00e7as a Deus. Acredito que era um caso de sinusite mesmo, uma gripe meio forte, mas n\u00e3o passou disso\u201d, disse. ",
         " Denise Abranches tamb\u00e9m \u00e9 da \u00e1rea da sa\u00fade e volunt\u00e1ria da vacina. Tomou a primeira dose da vacina Oxford/AstraZeneca em junho e a segunda em setembro. At\u00e9 agora n\u00e3o teve nenhuma complica\u00e7\u00e3o. ",
         " \u201cDesde que tomei n\u00e3o baixei a guarda, porque estamos trabalhando permanentemente. A minha a\u00e7\u00e3o \u00e9 sempre a prote\u00e7\u00e3o minha e das pessoas das quais eu tenho contato\u201d, disse Denise, volunt\u00e1ria e coordenadora da Odontologia do Hospital S\u00e3o Paulo. ",
         " Nesta quarta-feira (30), o Reino Unido se tornou o primeiro pa\u00eds do mundo a autorizar o uso emergencial da vacina. Horas depois, nossa vizinha Argentina tamb\u00e9m anunciou a aprova\u00e7\u00e3o ",
         " Segundo a coordenadora dos testes da vacina da Oxford aqui no Brasil, 70% das pessoas com mais de 18 anos que receberam a primeira dose da vacina conseguiram ficar protegidas da Covid-19. ",
         " \u201c\u00c9 muito bom \u00e9 que, j\u00e1 a partir de uma dose, ela j\u00e1 come\u00e7a a proteger e tamb\u00e9m come\u00e7a a proteger acima de 70%. E com duas doses n\u00f3s ter\u00edamos uma prote\u00e7\u00e3o mais prolongada. Outra coisa importante ressaltar \u00e9 que nenhuma pessoa vacinada com a vacina contra a Covid teve foi internada ou teve doen\u00e7a grave. Esse \u00e9 um dado important\u00edssimo. Ela protege muito contra formas graves e contra interna\u00e7\u00f5es\u201d, explica Yin Weckx, m\u00e9dica epidemiologista e coordenadora dos testes. ",
         " A vacina tamb\u00e9m \u00e9 f\u00e1cil de ser transportada e distribu\u00edda, a uma temperatura entre 2 e 8 graus Celsius: \u201cIsto \u00e9, num refrigerador, uma c\u00e2mara comum, j\u00e1 utilizada no Programa Nacional de Vacina\u00e7\u00f5es, ent\u00e3o tem a nossa cara, n\u00e3o foge das nossas caracter\u00edsticas\". ",
         " No Brasil, a Fiocruz \u00e9 parceira da Universidade de Oxford e vai receber a tecnologia para produzir a vacina. Pelo acordo com o governo federal, ser\u00e3o 100,4 milh\u00f5es doses em 2021, sendo 30 milh\u00f5es ainda no primeiro trimestre. ",
         " A AstraZeneca enviou \u00e0 Anvisa os \u00faltimos dados cl\u00ednicos da fase 3 na semana passada e espera encaminhar at\u00e9 15 de janeiro todos os documentos necess\u00e1rios para receber a autoriza\u00e7\u00e3o de uso emergencial. A Anvisa informou que vai utilizar os documentos j\u00e1 submetidos de forma cont\u00ednua para an\u00e1lise. "
      ],
      "comentarios": []
   },
   {
      "url": "https://g1.globo.com/jornal-nacional/noticia/2020/12/31/rio-tem-flagrantes-de-festas-com-aglomeracao-enquanto-pacientes-com-covid-aguardam-leitos.ghtml",
      "image": null,
      "regiao": "JORNAL-NACIONAL",
      "localidade": "Noticia",
      "titulo": "Rio tem flagrantes de festas com aglomera\u00e7\u00e3o enquanto pacientes com Covid aguardam leitos",
      "subTitulo": "O estado do Rio tem a maior taxa de mortalidade do pa\u00eds. Fam\u00edlias de mais de 14 mil pessoas perderam algu\u00e9m para o coronav\u00edrus este ano na capital. No entanto, cenas registradas na noite desta quarta (30) mostram que alguns cariocas n\u00e3o est\u00e3o respeitando a pandemia.",
      "dataPublicacao": "31/12/2020 21h55",
      "localPublicacao": "",
      "entidades": [],
      "noticia": [
         " No Rio de Janeiro, 199 pessoas com Covid est\u00e3o esperando vaga para interna\u00e7\u00e3o. Voc\u00ea j\u00e1 viu essa situa\u00e7\u00e3o, ao longo do ano, em outras cidades brasileiras. \u00c9 muita gente doente para pouco leito de hospital. Fam\u00edlias de mais de 14 mil pessoas perderam algu\u00e9m para o coronav\u00edrus em 2020 na cidade do Rio. Foi uma trag\u00e9dia. Ainda \u00e9 uma trag\u00e9dia. E, se depender de uma parte dos cariocas, t\u00e3o cedo isso n\u00e3o vai passar. ",
         " Do alto, um ponto chama a aten\u00e7\u00e3o na faixa de areia em Ipanema. V\u00e1rias pessoas aglomeradas. O mesmo lugar ficou lotado na noite de quarta (30). A cena confunde a gente. \u00c9 mesmo desta quarta (30) \u00e0 noite? Ou de festas que aconteceram em r\u00e9veillons passados? O encontro clandestino, sem respeito a qualquer norma sanit\u00e1ria, recebeu a visita da pol\u00edcia. Mas a multid\u00e3o s\u00f3 mudou de lugar e passou a ocupar o cal\u00e7ad\u00e3o. Na areia, ficaram mais marcas da falta de civilidade: muito lixo. ",
         " Em Santa Teresa, regi\u00e3o central do Rio, um grupo alugou uma mans\u00e3o para uma balada com DJs. Todo mundo dan\u00e7ou juntinho em volta da piscina por mais de cinco horas. At\u00e9 que a vizinhan\u00e7a chamou a PM. Um dos convidados tentou evitar o fim da festa, deu carteirada e discutiu com os policiais. Era um major dos Bombeiros: Victor Ferreira dos Anjos, que agora est\u00e1 detido no quartel. ",
         " As aglomera\u00e7\u00f5es brotam em volta dos bares da Zona Sul e atraem mais adeptos na boemia tradicional da Lapa. A movimenta\u00e7\u00e3o em uma rua na Barra da Tijuca indignou uma moradora. \u201cOlha isso. Parece Carnaval. Voc\u00ea n\u00e3o v\u00ea ningu\u00e9m com m\u00e1scara n\u00e3o\u201d, diz. ",
         " A farra que n\u00e3o mede consequ\u00eancias avan\u00e7a pela madrugada at\u00e9 o nascer do sol. Nas tendas coloridas da Zona Norte do Rio, o baile ferve e o v\u00edrus faz a festa. ",
         " A Cidade Maravilhosa ganhou fama no mundo com a alegria das festas que atraem multid\u00f5es. Mas esta insist\u00eancia em ignorar as normas para evitar o cont\u00e1gio da Covid-19 j\u00e1 mostrou terr\u00edveis consequ\u00eancias. ",
         " S\u00f3 na capital: 14.860 mortos. Entre os estados com a maior taxa de mortalidade do pa\u00eds, o Rio de Janeiro hoje ocupa a 1\u00aa posi\u00e7\u00e3o. Na capital, a taxa de ocupa\u00e7\u00e3o de UTIs est\u00e1 alt\u00edssima: chega a 93%. ",
         " Enquanto isso, o hospital de campanha do Riocentro, o \u00fanico que ainda funciona no estado, teve a capacidade reduzida. Nesta quinta, mais equipamentos foram retirados. O hospital n\u00e3o recebe novos pacientes h\u00e1 oito dias. \"O CTI 3, 4 e 5 totalmente desmontado e a cl\u00ednica m\u00e9dica tamb\u00e9m j\u00e1 est\u00e1 sendo desmontada tamb\u00e9m. Est\u00e3o desmontando o hospital todo j\u00e1\", diz um funcion\u00e1rio. ",
         " A Prefeitura do Rio voltou a declarar que n\u00e3o h\u00e1 nenhuma inten\u00e7\u00e3o de fechar ou desmobilizar o hospital de campanha do Riocentro. E informou que intensificou a fiscaliza\u00e7\u00e3o de festas nesta quinta-feira (31). "
      ],
      "comentarios": []
   },
   {
      "url": "https://g1.globo.com/al/alagoas/noticia/2020/12/31/com-restricoes-por-causa-da-pandemia-orla-de-maceio-tem-pouco-movimento-na-noite-de-reveillon.ghtml",
      "image": "https://s2.glbimg.com/DUT8Bho-pXu7R_qOiy66IkLKUBM=/i.s3.glbimg.com/v1/AUTH_59edd422c0c84a879bd37670ae4f538a/internal_photos/bs/2020/I/N/cndtBBRuWytuEEenFGSQ/20211.jpg",
      "regiao": "AL",
      "localidade": "Alagoas",
      "titulo": "Com restri\u00e7\u00f5es por causa da pandemia, orla de Macei\u00f3 tem pouco movimento na noite de r\u00e9veillon",
      "subTitulo": "Sem a multid\u00e3o de anos anteriores, canteiro e faixa de areia estavam praticamente vazios, por volta das 21h. Avenida permaneceu liberada para o tr\u00e1fego de ve\u00edculos. ",
      "dataPublicacao": "31/12/2020 21h41",
      "localPublicacao": "",
      "entidades": [
         "  Alagoas  ",
         "  Macei\u00f3  "
      ],
      "noticia": [
         " Ao contr\u00e1rio de anos anteriores, o movimento na orla de Macei\u00f3 foi considerado tranquilo nesta quinta-feira (31), noite de r\u00e9veillon. Por volta das 21h era poss\u00edvel ver apenas algumas pessoas no cal\u00e7ad\u00e3o e na faixa de areia. ",
         " Por causa da pandemia do novo coronav\u00edrus, v\u00e1rias restri\u00e7\u00f5es foram estabelecidas pelo Governo do Estado para evitar aglomera\u00e7\u00e3o durante a virada do ano. A Prefeitura de Macei\u00f3 cancelou a queima de fogos na orla e no Benedito Bentes. ",
         " A avenida Silvio Viana, que tradicionalmente fica fechada durante as comemora\u00e7\u00f5es do Ano Novo, esse ano n\u00e3o foi bloqueada. A prefeitura refor\u00e7ou a fiscaliza\u00e7\u00e3o e os ambulantes ficaram impedidos de alugar mesas e cadeiras. Tamb\u00e9m foi proibida a coloca\u00e7\u00e3o de tendas na faixa de areia e no canteiro. ",
         " As grandes festas privadas tamb\u00e9m foram proibidas e apenas eventos particulares, com no m\u00e1ximo 300 pessoas foram liberados, mas com limite de hor\u00e1rio at\u00e9 as 3h da manh\u00e3. Os organizadores receberam orienta\u00e7\u00f5es sobre o uso de m\u00e1scaras, distanciamento m\u00ednimo de 1 metro e meio, disponibilizar \u00e1lcool em gel al\u00e9m de outras regras do protocolo sanit\u00e1rio da Secretaria Estadual de Sa\u00fade (Sesau). ",
         " BPTran refor\u00e7a restri\u00e7\u00f5es na orla de Macei\u00f3 durante o r\u00e9veillon",
         "Veja os v\u00eddeos mais recentes do G1 Alagoas",
         " Veja mais not\u00edcias da regi\u00e3o no G1 Alagoas "
      ],
      "comentarios": []
   },
   {
      "url": "https://g1.globo.com/ap/amapa/noticia/2020/12/31/covid-19-ap-registra-mais-6-mortes-e-chega-a-925-obitos-infectados-somam-682-mil.ghtml",
      "image": "https://s2.glbimg.com/esoOF5DGOc49qwcFyhOkWW0QAnY=/i.s3.glbimg.com/v1/AUTH_59edd422c0c84a879bd37670ae4f538a/internal_photos/bs/2020/C/X/nJBmsqQi24r9DZjysnoA/99350416-3345048315574350-5508791299425173504-o.jpg",
      "regiao": "AP",
      "localidade": "Amapa",
      "titulo": "Covid-19: AP registra mais 6 mortes e chega a 925 \u00f3bitos; infectados somam 68,2 mil",
      "subTitulo": "Nas \u00faltimas 24 horas 499 pessoas foram confirmadas com o novo coronav\u00edrus. Boletim desta quinta (31) traz ainda 266 recuperados da doen\u00e7a (77,2% do total de detectados na pandemia).",
      "dataPublicacao": "31/12/2020 21h20",
      "localPublicacao": "\u2014 Macap\u00e1",
      "entidades": [
         "  Amap\u00e1  ",
         "  Cal\u00e7oene  ",
         "  Cutias  ",
         "  Ferreira Gomes  ",
         "  Itaubal  ",
         "  Laranjal do Jari  ",
         "  Macap\u00e1  ",
         "  Mazag\u00e3o  ",
         "  Oiapoque  ",
         "  Pedra Branca do Amapari  ",
         "  Porto Grande  ",
         "  Pracu\u00faba  ",
         "  Santana  ",
         "  Serra Do Navio  ",
         "  Tartarugalzinho  ",
         "  Vit\u00f3ria do Jari  "
      ],
      "noticia": [
         " O Amap\u00e1 contabilizou nesta quinta-feira (31) mais 6 mortes e 499 infectados pelo novo coronav\u00edrus. Com isso, o estado chega aos 925 \u00f3bitos e 68.201 casos, dos quais 52.670 s\u00e3o considerados recuperados da doen\u00e7a, o equivalente a 77,2% do total. ",
         " Os \u00f3bitos informados no boletim do governo estadual de hoje aconteceram entre ter\u00e7a-feira (29) e esta quinta, em Macap\u00e1 e em Pedra Branca do Amapari. Veja os detalhes abaixo: ",
         "homem de 76 anos, com disfun\u00e7\u00e3o renal, falecido na quarta (30), em Pedra Branca;mulher de 21 anos, com asma, que morreu na ter\u00e7a, na capital;mulher de 37 anos, sem comorbidades, falecida na ter\u00e7a, na capitalhomem de 66 anos, hipertenso, falecido na quarta, na capital;homem de 76 anos, sem comorbidades declaradas, falecido na quarta, na capital;homem de 86 anos, com disfun\u00e7\u00e3o renal, faleceu nesta quinta-feira, em Macap\u00e1;",
         " Em rela\u00e7\u00e3o ao total de \u00f3bitos, a maior parte est\u00e1 concentrada em Macap\u00e1, com 680 registros, seguida por Santana (90), Laranjal do Jari (49) e Oiapoque (27). Dos 16 munic\u00edpios do estado, o \u00fanico que n\u00e3o teve morte entre os moradores foi Itaubal. ",
         " Dezembro \u00e9 o segundo m\u00eas com mais \u00f3bitos desde o in\u00edcio da pandemia, fica atr\u00e1s somente de julho. ",
         "Casos",
         " Sobre os 499 novos casos, a maioria foi em Macap\u00e1 (243), Santana (164) e Mazag\u00e3o (30). Outros 8 munic\u00edpios tamb\u00e9m registraram infectados pela doen\u00e7a. ",
         " O boletim di\u00e1rio n\u00e3o necessariamente traz os registros de infectados pelo novo coronav\u00edrus das \u00faltimas 24 horas, por incluir resultados de exames de dias e meses anteriores, que estavam represados e foram lan\u00e7ados pelas prefeituras. ",
         " Confira a seguir um resumo dos dados informados no boletim: ",
         "Confirmados: 68.201 casosMortes: 925 casosRecuperados: 52.670 casosCasos em investiga\u00e7\u00e3o laboratorial: 2.444 Casos descartados ap\u00f3s exame: 48.511 Internados: 143 pacientes (75 em UTI e 68 em leito cl\u00ednico)Taxa de ocupa\u00e7\u00e3o de leitos de UTI adulto: 54,79% (leitos de UTI p\u00fablicos)Em isolamento domiciliar: 14.463 pacientesSuspeitos notificados: 4.586 em 11 munic\u00edpiosSuspeitos hospitalizados: 63 (todos em leitos cl\u00ednicos)",
         " Veja o plant\u00e3o de \u00faltimas not\u00edcias do G1 Amap\u00e1 ",
         "ASSISTA abaixo o que foi destaque no AP:"
      ],
      "comentarios": []
   },
   {
      "url": "https://g1.globo.com/jornal-nacional/noticia/2020/12/31/brasil-registra-presenca-de-variante-do-coronavirus-detectada-no-reino-unido.ghtml",
      "image": null,
      "regiao": "JORNAL-NACIONAL",
      "localidade": "Noticia",
      "titulo": "Brasil registra presen\u00e7a de variante do coronav\u00edrus detectada no Reino Unido",
      "subTitulo": "Linhagem \u00e9 mais contagiosa. As duas pessoas infectadas s\u00e3o de S\u00e3o Paulo e n\u00e3o se conhecem. Uma delas \u00e9 uma mulher que n\u00e3o viajou ao exterior, mas recebeu a visita de parentes que moram na Inglaterra. N\u00e3o h\u00e1 informa\u00e7\u00e3o sobre o segundo infectado ainda.",
      "dataPublicacao": "31/12/2020 21h10",
      "localPublicacao": "",
      "entidades": [
         "  Reino Unido  ",
         "  S\u00e3o Paulo  "
      ],
      "noticia": [
         " O Brasil tamb\u00e9m j\u00e1 registrou a presen\u00e7a da variante do coronav\u00edrus detectada primeiro no Reino Unido. \u00c9 uma linhagem mais contagiosa. ",
         " A nova cepa do coronav\u00edrus foi encontrada em dois exames feitos em S\u00e3o Paulo, nos dias 21 e 22 deste m\u00eas. As amostras foram colhidas pelo Laborat\u00f3rio Dasa. O Instituto de Medicina Tropical da USP fez o sequenciamento gen\u00e9tico e identificou que \u00e9 da mesma linhagem encontrada na Inglaterra. As amostras tamb\u00e9m foram enviadas para o Instituto Adolfo Lutz, em S\u00e3o Paulo, para confirma\u00e7\u00e3o. O resultado sai em 48 horas. ",
         " As duas pessoas infectadas n\u00e3o se conhecem. Uma delas \u00e9 uma mulher que n\u00e3o viajou para o exterior recentemente, mas recebeu a visita de parentes que moram na Inglaterra. Sobre o segundo infectado, n\u00e3o h\u00e1 informa\u00e7\u00f5es por enquanto. O laborat\u00f3rio n\u00e3o conseguiu fazer contato com o paciente nem pelo telefone, nem pelo e-mail informados na ficha do exame. ",
         " O coordenador de Pesquisa e Desenvolvimento do Laborat\u00f3rio Dasa explicou que s\u00f3 foi poss\u00edvel detectar a variante aqui no Brasil porque foi feito um teste que coleta a saliva, a mesma t\u00e9cnica usada no exame que encontrou a varia\u00e7\u00e3o no Reino Unido. ",
         " \u201cA partir da semana que vem, a gente vai come\u00e7ar a aplicar ele em grande escala. Ent\u00e3o vamos poder contribuir no sentido de dizer se a gente est\u00e1 tendo no Brasil o mesmo fen\u00f4meno que ele virou na Inglaterra, ou seja, que os novos casos tem um aumento, uma predomin\u00e2ncia, dessa linhagem b117\u201d, afirma Jos\u00e9 Eduardo Levi, coordenador de Pesquisa e Desenvolvimento do Laborat\u00f3rio Dasa. ",
         " O pesquisador acredita que j\u00e1 existam outros casos dessa cepa no Brasil e explica que essa variante n\u00e3o \u00e9 detectada pelo exame que usa um cotonete no nariz, feito com mais frequ\u00eancia no Brasil. ",
         " Os v\u00edrus s\u00e3o organismos que sofrem muta\u00e7\u00f5es o tempo todo. O coronav\u00edrus, por exemplo, j\u00e1 tem mais de 800 varia\u00e7\u00f5es catalogadas. Elas podem acontecer em qualquer parte. Os estudos feitos na Inglaterra mostraram que a nova variante sofreu oito modifica\u00e7\u00f5es apenas na prote\u00edna \"s\", chamada de spike. \u00c9 exatamente essa prote\u00edna que o v\u00edrus usa para se conectar \u00e0s c\u00e9lulas humanas, como se fosse uma chave que abre uma fechadura e rompe a parede da c\u00e9lula. ",
         " J\u00e1 instalado no organismo, o coronav\u00edrus se multiplica com muita rapidez, sugando a energia da c\u00e9lula. ",
         " A nova variante apresenta evid\u00eancias de maior cont\u00e1gio. Em novembro, era encontrada em 20% dos novos casos no Reino Unido. Um m\u00eas depois, j\u00e1 era respons\u00e1vel por 60% das novas infec\u00e7\u00f5es l\u00e1. E j\u00e1 foi detectada em 17 pa\u00edses. ",
         " Mas os pesquisadores afirmam que, por enquanto, n\u00e3o existe nenhuma evid\u00eancia de que essa muta\u00e7\u00e3o atrapalhe a prote\u00e7\u00e3o dada pelas vacinas em fase final de estudos e que j\u00e1 come\u00e7aram a ser aplicadas em mais de 40 pa\u00edses. Tamb\u00e9m n\u00e3o h\u00e1 qualquer indica\u00e7\u00e3o de que a nova cepa do coronav\u00edrus seja mais grave. ",
         " \u201cN\u00e3o tem uma letalidade maior as pessoas infectadas por essa cepa do que as infectadas pelas demais. Mas o fato de transmitir mais \u00e9 preocupante porque, quanto maior o n\u00famero de pessoas infectadas, maior o risco de as pessoas desenvolverem o quadro mais grave. Ent\u00e3o, ela n\u00e3o indiretamente aumenta a letalidade, mas indiretamente, por aumentar o n\u00famero de pessoas infectadas\u201d, explica Ester Sabino, professora da Faculdade de Medicina da USP. ",
         " O Minist\u00e9rio da Sa\u00fade declarou que recebeu a notifica\u00e7\u00e3o do laborat\u00f3rio Dasa e que acompanha o caso. ",
         " A Secret\u00e1ria Estadual de Sa\u00fade de S\u00e3o Paulo afirmou que j\u00e1 localizou e est\u00e1 monitorando os dois pacientes que testaram positivo. "
      ],
      "comentarios": []
   },
   {
      "url": "https://g1.globo.com/jornal-nacional/noticia/2020/12/31/amazonas-instala-camaras-frigorificas-em-hospitais-publicos-para-corpos-de-vitimas-da-covid.ghtml",
      "image": null,
      "regiao": "JORNAL-NACIONAL",
      "localidade": "Noticia",
      "titulo": "Amazonas instala c\u00e2maras frigor\u00edficas em hospitais p\u00fablicos para corpos de v\u00edtimas da Covid",
      "subTitulo": "O uso de c\u00e2maras frigor\u00edficas faz parte da quarta fase de um plano do governo do Amazonas para conter o avan\u00e7o da Covid. No Hospital Estadual 28 de Agosto, primeiro a receber uma das c\u00e2maras, n\u00e3o h\u00e1 mais espa\u00e7o no necrot\u00e9rio.",
      "dataPublicacao": "31/12/2020 21h08",
      "localPublicacao": "",
      "entidades": [],
      "noticia": [
         " O governo do Amazonas come\u00e7ou a instalar c\u00e2maras frigor\u00edficas nos hospitais p\u00fablicos para abrigar corpos de v\u00edtimas da Covid. O Hospital Estadual 28 de Agosto foi o primeiro a receber a c\u00e2mara frigor\u00edfica, que ir\u00e1 acondicionar apenas corpos de mortos pela Covid. N\u00e3o h\u00e1 mais espa\u00e7o no necrot\u00e9rio. ",
         " Em abril e maio, durante o pico da pandemia, o governo tamb\u00e9m colocou c\u00e2maras frigor\u00edficas nos hospitais. ",
         " Cliciane estava desesperada. A m\u00e3e dela foi operada para retirar o ba\u00e7o e descobriu que est\u00e1 com Covid. Para impedir a prolifera\u00e7\u00e3o do v\u00edrus, est\u00e1 proibida a presen\u00e7a de acompanhantes no hospital. ",
         " \u201cAgora todo mundo desceu, falaram que iam colocar mais enfermeiros para tomar conta, mas eles n\u00e3o t\u00eam condi\u00e7\u00f5es de fazer isso. N\u00e3o \u00e9 porque eles n\u00e3o querem. \u00c9 muita gente, \u00e9 um andar inteiro para tomar conta, a\u00ed a gente desce, tem um container aqui para come\u00e7ar a pegar as pessoas que morrem\u201d, diz Cliciane Uchoa, filha de paciente. ",
         " O uso de c\u00e2maras frigor\u00edficas faz parte da quarta fase de um plano do governo do Amazonas para conter o avan\u00e7o da Covid. S\u00e3o cinco etapas. A \u00faltima, se o n\u00famero de casos continuar aumentando, prev\u00ea que todos os hospitais de Manaus atender\u00e3o apenas pacientes com a doen\u00e7a. ",
         " Na tarde desta quinta-feira (31), o Hospital Jo\u00e3o L\u00facio, de refer\u00eancia para doentes de Covid, tamb\u00e9m passou a ter uma c\u00e2mara frigor\u00edfica. ",
         " Em outro hospital, Francisco chegou carregado pelos parentes porque n\u00e3o conseguia mais respirar. Ele passou a noite em um pronto-socorro. \u201cO que que custa ir atender meu irm\u00e3o? N\u00e3o custa nada, passamos a noite todinha, n\u00e3o resolveram, deram s\u00f3 inje\u00e7\u00e3o, inje\u00e7\u00e3o. Inje\u00e7\u00e3o n\u00e3o resolve\u201d, lamenta Catiane Sampaio, irm\u00e3 de Francisco. ",
         " O governo mandou colocar containers no Hospital Estadual Plat\u00e3o Ara\u00fajo para abrigar o trabalho administrativo. As salas da administra\u00e7\u00e3o foram transformadas em enfermarias. \u201cN\u00f3s vamos implantar leitos cl\u00ednicos e de UTI onde houver possibilidade para utilizar ao m\u00e1ximo a capacidade instalada da rede de sa\u00fade\u201d, diz Marcellus Campelo, secret\u00e1rio de Sa\u00fade do Amazonas. ",
         " Por causa do aumento de casos, a Secretaria de Sa\u00fade do Amazonas ampliou o n\u00famero de leitos nos hospitais para pacientes de Covid. Isso fez a taxa de ocupa\u00e7\u00e3o cair de 92 para 85%. J\u00e1 a rede de hospitais particulares est\u00e1 com 98% de leitos ocupados. ",
         " Esta semana, o Amazonas recebeu 50 respiradores do governo federal. \u201cN\u00f3s temos um aumento significativo de casos e \u00e9 uma explos\u00e3o de casos, a gente corre o risco de chegar em algum momento em que a gente n\u00e3o tenha leito para colocar os pacientes\u201d, afirma Wilson Lima (PSC), governador do Amazonas. "
      ],
      "comentarios": [
         {
            "usuario": "Francisco Chagas",
            "comentario": "O irm\u00e3o dela tossindo e ela ao lado dele com a m\u00e1scara no queixo."
         },
         {
            "usuario": "Francisco Chagas",
            "comentario": "Seres de mem\u00f3ria curta e ego\u00edstas. Isso \u00e9 um problema que seria resolvido de maneira coletiva, com todos mantendo ao m\u00e1ximo o distanciamento. Mas muitos pensam que por n\u00e3o fazerem parte do grupo de risco n\u00e3o deve se preocupar. O resultado \u00e9 isso a\u00ed. Embora seja em menor quantidsde, tem gente nova pegando e morrendo,"
         }
      ]
   }
]