[
   {
      "url": "https://g1.globo.com/pr/parana/ao-vivo/coronavirus-no-parana-veja-as-principais-noticias-sobre-a-pandemia.ghtml",
      "image": null,
      "regiao": "PR",
      "localidade": "Parana",
      "titulo": "Coronav\u00edrus no Paran\u00e1: Veja as not\u00edcias sobre a pandemia no estado",
      "subTitulo": "Acompanhe em tempo real a atualiza\u00e7\u00e3o das informa\u00e7\u00f5es da pandemia no estado.",
      "dataPublicacao": "",
      "localPublicacao": "",
      "entidades": [],
      "noticia": [],
      "comentarios": []
   },
   {
      "url": "https://g1.globo.com/bemestar/coronavirus/stories/2021/03/19/remdesivir-que-e-o-antiviral-aprovado-pela-anvisa-para-tratamento-da-covid.ghtml",
      "image": "https://s2.glbimg.com/0yljPouY7kzmQ3IN3-wXPbbkQhs=/i.s3.glbimg.com/v1/AUTH_59edd422c0c84a879bd37670ae4f538a/internal_photos/bs/2021/I/G/EWVuBSS42XU7jdsBLH2A/remdesivir.gif",
      "regiao": "BEMESTAR",
      "localidade": "Coronavirus",
      "titulo": "",
      "subTitulo": "",
      "dataPublicacao": "",
      "localPublicacao": "",
      "entidades": [],
      "noticia": [],
      "comentarios": []
   },
   {
      "url": "https://g1.globo.com/rj/rio-de-janeiro/ao-vivo/rio-de-janeiro-combate-covid.ghtml",
      "image": null,
      "regiao": "RJ",
      "localidade": "Rio de janeiro",
      "titulo": "Prefeitos do Rio e de Niter\u00f3i anunciam novas medidas restritivas no Rio",
      "subTitulo": "",
      "dataPublicacao": "",
      "localPublicacao": "",
      "entidades": [],
      "noticia": [],
      "comentarios": []
   },
   {
      "url": "https://g1.globo.com/globonews/playlist/videos-senador-major-olimpio-tem-morte-cerebral-apos-contrair-covid-19-acompanhe-a-repercussao.ghtml",
      "image": "https://s2.glbimg.com/xHyD8SuYitMEe725sclU6Fbl8vA=/s01.video.glbimg.com/deo/vi/02/18/9361802",
      "regiao": "GLOBONEWS",
      "localidade": "Playlist",
      "titulo": "",
      "subTitulo": "",
      "dataPublicacao": "",
      "localPublicacao": "",
      "entidades": [],
      "noticia": [],
      "comentarios": []
   },
   {
      "url": "https://g1.globo.com/politica/playlist/videos-major-olimpio-morre-em-decorrencia-da-covid-19-veja-repercussao.ghtml",
      "image": "https://s2.glbimg.com/UUoHwDGS8oP0DlxiYk0IHVVVm3w=/s01.video.glbimg.com/deo/vi/18/19/9361918",
      "regiao": "POLITICA",
      "localidade": "Playlist",
      "titulo": "",
      "subTitulo": "",
      "dataPublicacao": "",
      "localPublicacao": "",
      "entidades": [],
      "noticia": [],
      "comentarios": []
   },
   {
      "url": "https://g1.globo.com/sp/sao-paulo/ao-vivo/covas-anuncia-medidas-para-combater-a-pandemia.ghtml",
      "image": null,
      "regiao": "SP",
      "localidade": "Sao paulo",
      "titulo": "Covas anuncia antecipa\u00e7\u00e3o de 5 feriados para frear a Covid na cidade de SP",
      "subTitulo": "",
      "dataPublicacao": "",
      "localPublicacao": "",
      "entidades": [],
      "noticia": [],
      "comentarios": []
   },
   {
      "url": "https://g1.globo.com/ce/ceara/edicao/2021/03/18/pandemia-de-covid-19-no-ceara-completa-um-ano-com-aumento-nas-mortes-pela-doenca.ghtml",
      "image": "https://s2.glbimg.com/eQ9bYKcfP5LAMRhr6-73A58ghy0=/s01.video.glbimg.com/deo/vi/48/53/9355348",
      "regiao": "CE",
      "localidade": "Ceara",
      "titulo": "",
      "subTitulo": "",
      "dataPublicacao": "",
      "localPublicacao": "",
      "entidades": [],
      "noticia": [],
      "comentarios": []
   },
   {
      "url": "https://g1.globo.com/sc/santa-catarina/ao-vivo/governadores-de-sc-rs-e-pr-falam-sobre-pandemia.ghtml",
      "image": null,
      "regiao": "SC",
      "localidade": "Santa catarina",
      "titulo": "Governadores de SC, RS e PR falam sobre pandemia",
      "subTitulo": "Com casos e mortes em alta e sem leitos suficientes, estados do Sul entraram em colapso neste m\u00eas. ",
      "dataPublicacao": "",
      "localPublicacao": "",
      "entidades": [],
      "noticia": [],
      "comentarios": []
   },
   {
      "url": "https://g1.globo.com/globonews/playlist/ai-veio-a-pandemia-veja-historias-e-sonhos-modificados-devido-a-covid-19.ghtml",
      "image": "https://s2.glbimg.com/mdJJhj4CX7AyAcYTA6E6W6QN_X4=/s01.video.glbimg.com/deo/vi/32/09/9330932",
      "regiao": "GLOBONEWS",
      "localidade": "Playlist",
      "titulo": "",
      "subTitulo": "",
      "dataPublicacao": "",
      "localPublicacao": "",
      "entidades": [],
      "noticia": [],
      "comentarios": []
   },
   {
      "url": "https://g1.globo.com/sp/campinas-regiao/ao-vivo/prefeito-de-campinas-anuncia-novas-medidas-de-combate-a-pandemia.ghtml",
      "image": null,
      "regiao": "SP",
      "localidade": "Campinas regiao",
      "titulo": "Covid: Campinas anuncia novo toque de recolher e endurece puni\u00e7\u00f5es a infratores",
      "subTitulo": "Prefeito detalha em transmiss\u00e3o ao vivo medidas mais rigorosas que passam a valer na quinta-feira (18).",
      "dataPublicacao": "",
      "localPublicacao": "",
      "entidades": [],
      "noticia": [],
      "comentarios": []
   },
   {
      "url": "https://g1.globo.com/sp/bauru-marilia/ao-vivo/confira-as-ultimas-noticias-sobre-o-coronavirus-nas-regioes-de-bauru-e-marilia.ghtml",
      "image": "https://s2.glbimg.com/lmWg_IDdFKyGb1HcRJMf1oqBmBY=/i.s3.glbimg.com/v1/AUTH_59edd422c0c84a879bd37670ae4f538a/internal_photos/bs/2020/w/T/iMT9T9Syix4diJ8jQwYw/capas-podcasts-coronavirus.jpg",
      "regiao": "SP",
      "localidade": "Bauru marilia",
      "titulo": "Confira os n\u00fameros da pandemia de Covid-19 nas regi\u00f5es de Bauru e Mar\u00edlia",
      "subTitulo": "G1 divulga balan\u00e7o das secretarias municipais de Sa\u00fade.",
      "dataPublicacao": "",
      "localPublicacao": "",
      "entidades": [],
      "noticia": [],
      "comentarios": []
   },
   {
      "url": "https://g1.globo.com/politica/playlist/videos-ludhmila-hajjar-fala-sobre-convite-recusado-e-pandemia-no-brasil.ghtml",
      "image": "https://s2.glbimg.com/M_ddhC836g7O5n8k3Jk3q0iyZ80=/s01.video.glbimg.com/deo/vi/28/11/9351128",
      "regiao": "POLITICA",
      "localidade": "Playlist",
      "titulo": "",
      "subTitulo": "",
      "dataPublicacao": "",
      "localPublicacao": "",
      "entidades": [],
      "noticia": [],
      "comentarios": []
   },
   {
      "url": "https://g1.globo.com/am/amazonas/edicao/2021/03/13/videos-compra-de-vacina-no-am-e-suspensa-pela-justica-veja-destaques-do-jam-2.ghtml",
      "image": "https://s2.glbimg.com/V0TQJGocTBysEqqHuv29sdkvtRk=/s01.video.glbimg.com/deo/vi/44/80/9348044",
      "regiao": "AM",
      "localidade": "Amazonas",
      "titulo": "",
      "subTitulo": "",
      "dataPublicacao": "",
      "localPublicacao": "",
      "entidades": [],
      "noticia": [],
      "comentarios": []
   },
   {
      "url": "https://g1.globo.com/politica/ao-vivo/ministerio-da-saude-coletiva-covid.ghtml",
      "image": null,
      "regiao": "POLITICA",
      "localidade": "Ao vivo",
      "titulo": "Minist\u00e9rio da Sa\u00fade atualiza informa\u00e7\u00f5es sobre vacinas contra Covid e UTIs",
      "subTitulo": "Com hospitais em colapso, governo federal autorizou financiamento de 3,9 mil leitos em 21 estados. ",
      "dataPublicacao": "",
      "localPublicacao": "",
      "entidades": [],
      "noticia": [],
      "comentarios": []
   },
   {
      "url": "https://g1.globo.com/bemestar/vacina/ao-vivo/anvisa-vacina-covid.ghtml",
      "image": null,
      "regiao": "BEMESTAR",
      "localidade": "Vacina",
      "titulo": "Anvisa aprova uso emergencial da vacina da Johnson e nega pedido para importar a Covaxin",
      "subTitulo": "Diretoria da ag\u00eancia foi un\u00e2nime nas duas an\u00e1lises.",
      "dataPublicacao": "",
      "localPublicacao": "",
      "entidades": [],
      "noticia": [],
      "comentarios": []
   },
   {
      "url": "https://g1.globo.com/ciencia-e-saude/playlist/videos-anvisa-libera-remdesivir-para-tratar-covid-e-da-registro-definitivo-para-vacina-de-oxford.ghtml",
      "image": "https://s2.glbimg.com/Sj-x4-HPn8afl4mOnPTCeqiWWXg=/s01.video.glbimg.com/deo/vi/58/33/9343358",
      "regiao": "CIENCIA-E-SAUDE",
      "localidade": "Playlist",
      "titulo": "",
      "subTitulo": "",
      "dataPublicacao": "",
      "localPublicacao": "",
      "entidades": [],
      "noticia": [],
      "comentarios": []
   },
   {
      "url": "https://g1.globo.com/am/amazonas/edicao/2021/03/11/videos-secretario-de-saude-do-amazonas-fala-sobra-a-ocupacao-de-leitos-de-uti-para-covid-veja-destaques-do-jam1.ghtml",
      "image": "https://s2.glbimg.com/y8H2o91DjAsB5Kj3ebU4tfuMpJg=/s01.video.glbimg.com/deo/vi/62/07/9340762",
      "regiao": "AM",
      "localidade": "Amazonas",
      "titulo": "",
      "subTitulo": "",
      "dataPublicacao": "",
      "localPublicacao": "",
      "entidades": [],
      "noticia": [],
      "comentarios": []
   },
   {
      "url": "https://g1.globo.com/bemestar/stories/2021/03/11/um-ano-de-pandemia-os-fatos-que-marcaram-a-crise-sanitaria-do-novo-coronavirus.ghtml",
      "image": "https://s2.glbimg.com/cr32Q5_MfP5uZZkv-_k3be8eeRQ=/i.s3.glbimg.com/v1/AUTH_59edd422c0c84a879bd37670ae4f538a/internal_photos/bs/2021/a/L/4hOsZZTSuAXHsyauh8QQ/um-ano-de-pandemia-4-.gif",
      "regiao": "BEMESTAR",
      "localidade": "Stories",
      "titulo": "",
      "subTitulo": "",
      "dataPublicacao": "",
      "localPublicacao": "",
      "entidades": [],
      "noticia": [],
      "comentarios": []
   },
   {
      "url": "https://g1.globo.com/am/amazonas/edicao/2021/03/10/videos-mais-248-mil-doses-de-vacina-contra-covid-chegam-ao-amazonas-veja-destaques-do-jam-2.ghtml",
      "image": "https://s2.glbimg.com/hSuZ3NTlJPcgb8uxVpHYd8Z9Wd0=/s01.video.glbimg.com/deo/vi/65/86/9338665",
      "regiao": "AM",
      "localidade": "Amazonas",
      "titulo": "",
      "subTitulo": "",
      "dataPublicacao": "",
      "localPublicacao": "",
      "entidades": [],
      "noticia": [],
      "comentarios": []
   },
   {
      "url": "https://g1.globo.com/am/amazonas/edicao/2021/03/09/videos-coari-comeca-vacinacao-contra-covid-de-idosos-acima-de-60-anos-veja-destaques-do-jam-2.ghtml",
      "image": "https://s2.glbimg.com/kfCdKdWzeueSNH2y0TTruNMU0rY=/s01.video.glbimg.com/deo/vi/60/51/9335160",
      "regiao": "AM",
      "localidade": "Amazonas",
      "titulo": "",
      "subTitulo": "",
      "dataPublicacao": "",
      "localPublicacao": "",
      "entidades": [],
      "noticia": [],
      "comentarios": []
   },
   {
      "url": "https://g1.globo.com/am/amazonas/edicao/2021/03/08/videos-infectologista-fala-sobre-os-riscos-de-contaminacao-e-disseminacao-da-covid-nas-criancas-veja-destaques-do-jam1.ghtml",
      "image": "https://s2.glbimg.com/Qh5zQyucsrqFSWGN-HQE5xOsPyM=/s01.video.glbimg.com/deo/vi/77/99/9329977",
      "regiao": "AM",
      "localidade": "Amazonas",
      "titulo": "",
      "subTitulo": "",
      "dataPublicacao": "",
      "localPublicacao": "",
      "entidades": [],
      "noticia": [],
      "comentarios": []
   },
   {
      "url": "https://g1.globo.com/am/amazonas/edicao/2021/03/08/videos-conheca-historias-de-mulheres-que-atuam-no-combate-a-covid-veja-destaques-do-bda.ghtml",
      "image": "https://s2.glbimg.com/T1hU0SKruZViJqXwVWNKgad__G8=/s01.video.glbimg.com/deo/vi/57/95/9329557",
      "regiao": "AM",
      "localidade": "Amazonas",
      "titulo": "",
      "subTitulo": "",
      "dataPublicacao": "",
      "localPublicacao": "",
      "entidades": [],
      "noticia": [],
      "comentarios": []
   },
   {
      "url": "https://g1.globo.com/am/amazonas/edicao/2021/03/05/videos-quando-devo-me-vacinar-contra-a-covid-19-fvs-explica-veja-destaques-do-bda.ghtml",
      "image": "https://s2.glbimg.com/XP9j4Z6PXCaeP39Cn1Rt6aHbjRI=/s01.video.glbimg.com/deo/vi/92/28/9322892",
      "regiao": "AM",
      "localidade": "Amazonas",
      "titulo": "",
      "subTitulo": "",
      "dataPublicacao": "",
      "localPublicacao": "",
      "entidades": [],
      "noticia": [],
      "comentarios": []
   },
   {
      "url": "https://g1.globo.com/pop-arte/playlist/videos-artistas-recebem-vacina-pela-brasil.ghtml",
      "image": "https://s2.glbimg.com/fqkW4VZ_i-rtMuR7kj4ysqkfm20=/s01.video.glbimg.com/deo/vi/54/08/9320854",
      "regiao": "POP-ARTE",
      "localidade": "Playlist",
      "titulo": "",
      "subTitulo": "",
      "dataPublicacao": "",
      "localPublicacao": "",
      "entidades": [],
      "noticia": [],
      "comentarios": []
   },
   {
      "url": "https://g1.globo.com/am/amazonas/edicao/2021/03/04/video-safra-da-pupunha-durante-a-pandemia-diminui-procura-pelo-fruto-amazonico-veja-destaques-do-jam1.ghtml",
      "image": "https://s2.glbimg.com/dZk6SlZKoK3BnXJ9jfyDiwcLAMQ=/s01.video.glbimg.com/deo/vi/24/05/9320524",
      "regiao": "AM",
      "localidade": "Amazonas",
      "titulo": "",
      "subTitulo": "",
      "dataPublicacao": "",
      "localPublicacao": "",
      "entidades": [],
      "noticia": [],
      "comentarios": []
   },
   {
      "url": "https://g1.globo.com/ce/ceara/edicao/2021/03/03/comercio-na-pandemia-como-empreendedores-enfrentam-a-crise-sanitaria-no-ceara.ghtml",
      "image": "https://s2.glbimg.com/fFHqMWPd4LNp00Czgr_9en199Qg=/s01.video.glbimg.com/deo/vi/25/49/9314925",
      "regiao": "CE",
      "localidade": "Ceara",
      "titulo": "",
      "subTitulo": "",
      "dataPublicacao": "",
      "localPublicacao": "",
      "entidades": [],
      "noticia": [],
      "comentarios": []
   },
   {
      "url": "https://g1.globo.com/sp/piracicaba-regiao/edicao/2021/03/03/regiao-de-piracicaba-acompanhe-as-reportagens-sobre-coronavirus.ghtml",
      "image": "https://s2.glbimg.com/rSpmOh3M76EknLoGuTJmjhGcpPg=/s01.video.glbimg.com/deo/vi/01/75/9327501",
      "regiao": "SP",
      "localidade": "Piracicaba regiao",
      "titulo": "",
      "subTitulo": "",
      "dataPublicacao": "",
      "localPublicacao": "",
      "entidades": [],
      "noticia": [],
      "comentarios": []
   },
   {
      "url": "https://g1.globo.com/sp/campinas-regiao/ao-vivo/prefeito-de-campinas-anuncia-novas-medidas-de-enfrentamento-a-pandemia.ghtml",
      "image": null,
      "regiao": "SP",
      "localidade": "Campinas regiao",
      "titulo": "Prefeito de Campinas decreta retorno da cidade \u00e0 fase vermelha: 'Quase colapso'",
      "subTitulo": "Medidas restritivas come\u00e7am a valer nesta quarta-feira (3). Equipe de sa\u00fade explica medidas de enfrentamento.",
      "dataPublicacao": "",
      "localPublicacao": "",
      "entidades": [],
      "noticia": [],
      "comentarios": []
   },
   {
      "url": "https://g1.globo.com/sp/sao-paulo/ao-vivo/ao-vivo-governo-de-sp-anuncia-mudancas-no-plano-de-combate-a-pandemia.ghtml",
      "image": null,
      "regiao": "SP",
      "localidade": "Sao paulo",
      "titulo": "AO VIVO: Governo de SP anuncia mudan\u00e7as no plano de combate \u00e0 pandemia",
      "subTitulo": "Regi\u00e3o metropolitana da capital e outras tr\u00eas regi\u00f5es voltam \u00e0 fase laranja da quarentena, que veta funcionamento de bares.",
      "dataPublicacao": "",
      "localPublicacao": "",
      "entidades": [],
      "noticia": [],
      "comentarios": []
   },
   {
      "url": "https://g1.globo.com/am/amazonas/edicao/2021/02/25/videos-apos-erro-na-logistica-am-recebe-lote-de-vacinas-contra-covid-veja-destaques-do-jam-2.ghtml",
      "image": "https://s2.glbimg.com/vGQ0fMPrz3pV8NgPqljZy-JKXJg=/s01.video.glbimg.com/deo/vi/38/21/9302138",
      "regiao": "AM",
      "localidade": "Amazonas",
      "titulo": "",
      "subTitulo": "",
      "dataPublicacao": "",
      "localPublicacao": "",
      "entidades": [],
      "noticia": [],
      "comentarios": []
   },
   {
      "url": "https://g1.globo.com/rs/rio-grande-do-sul/edicao/2021/02/25/videos-profissionais-da-saude-falam-sobre-a-rotina-de-atendimento-de-pacientes-com-covid-no-rs.ghtml",
      "image": "https://s2.glbimg.com/PKTKt_yyP_FvC-X0hDFPSoxhPrg=/s01.video.glbimg.com/deo/vi/77/06/9300677",
      "regiao": "RS",
      "localidade": "Rio grande do sul",
      "titulo": "",
      "subTitulo": "",
      "dataPublicacao": "",
      "localPublicacao": "",
      "entidades": [],
      "noticia": [],
      "comentarios": []
   },
   {
      "url": "https://g1.globo.com/am/amazonas/edicao/2021/02/25/videos-coveiros-que-trabalham-em-manaus-comecam-a-ser-vacinados-contra-a-covid-19-veja-destaques-do-bda.ghtml",
      "image": "https://s2.glbimg.com/yL1pUr36TrhrJW_Vat0jSiuGsZs=/s01.video.glbimg.com/deo/vi/63/00/9300063",
      "regiao": "AM",
      "localidade": "Amazonas",
      "titulo": "",
      "subTitulo": "",
      "dataPublicacao": "",
      "localPublicacao": "",
      "entidades": [],
      "noticia": [],
      "comentarios": []
   },
   {
      "url": "https://g1.globo.com/playlist/videos-quais-sao-as-principais-vacinas-contra-a-covid.ghtml",
      "image": "https://s2.glbimg.com/-jp3C7xWUwpeU3pE6WLXBfIZWDU=/s01.video.glbimg.com/deo/vi/02/77/9257702",
      "regiao": "PLAYLIST",
      "localidade": "Videos quais sao as principais vacinas contra a covid.ghtml",
      "titulo": "",
      "subTitulo": "",
      "dataPublicacao": "",
      "localPublicacao": "",
      "entidades": [],
      "noticia": [],
      "comentarios": []
   },
   {
      "url": "https://g1.globo.com/am/amazonas/playlist/videos-mp-investiga-irregularidades-na-vacinacao-contra-a-covid-19-em-nhamunda-veja-destaques-do-jam1.ghtml",
      "image": "https://s2.glbimg.com/mlXHdwda-hbhFJerzZgl6WNjMp4=/s01.video.glbimg.com/deo/vi/39/36/9283639",
      "regiao": "AM",
      "localidade": "Amazonas",
      "titulo": "",
      "subTitulo": "",
      "dataPublicacao": "",
      "localPublicacao": "",
      "entidades": [],
      "noticia": [],
      "comentarios": []
   },
   {
      "url": "https://g1.globo.com/bemestar/stories/2021/02/18/saiba-por-que-nossos-olhos-estao-mais-cansados-na-pandemia-e-como-podemos-protege-los.ghtml",
      "image": "https://s2.glbimg.com/bEMMkO8fI3QGW9SsaOdkHsqlM9I=/i.s3.glbimg.com/v1/AUTH_59edd422c0c84a879bd37670ae4f538a/internal_photos/bs/2021/B/Z/XiqrARSFmlpken8XZu0A/giphy-5-.gif",
      "regiao": "BEMESTAR",
      "localidade": "Stories",
      "titulo": "",
      "subTitulo": "",
      "dataPublicacao": "",
      "localPublicacao": "",
      "entidades": [],
      "noticia": [],
      "comentarios": []
   },
   {
      "url": "https://g1.globo.com/am/amazonas/edicao/2021/02/18/video-pandemia-aumenta-interesse-por-parto-domiciliar-veja-destaques-do-bda.ghtml",
      "image": "https://s2.glbimg.com/lGtbJ0JX_TvRuJCzp7_1HR5LWyc=/s01.video.glbimg.com/deo/vi/72/05/9280572",
      "regiao": "AM",
      "localidade": "Amazonas",
      "titulo": "",
      "subTitulo": "",
      "dataPublicacao": "",
      "localPublicacao": "",
      "entidades": [],
      "noticia": [],
      "comentarios": []
   },
   {
      "url": "https://g1.globo.com/sp/sao-carlos-regiao/playlist/videos-araraquara-identifica-variante-brasileira-do-novo-coronavirus.ghtml",
      "image": "https://s2.glbimg.com/p2yDZH5V3WWFeZEllFlg7aVR7QA=/s01.video.glbimg.com/deo/vi/60/92/9279260",
      "regiao": "SP",
      "localidade": "Sao carlos regiao",
      "titulo": "",
      "subTitulo": "",
      "dataPublicacao": "",
      "localPublicacao": "",
      "entidades": [],
      "noticia": [],
      "comentarios": []
   },
   {
      "url": "https://g1.globo.com/bemestar/coronavirus/stories/2021/02/17/mutacao-variante-cepa-e-linhagem-o-que-significam-os-termos-ligados-a-evolucao-do-coronavirus.ghtml",
      "image": "https://s2.glbimg.com/navs7VTtioG2bHrrPi8M14g1Rdg=/i.s3.glbimg.com/v1/AUTH_59edd422c0c84a879bd37670ae4f538a/internal_photos/bs/2021/l/F/5MIN4uSAApDlqPKDBHKw/giphy-2.gif",
      "regiao": "BEMESTAR",
      "localidade": "Coronavirus",
      "titulo": "",
      "subTitulo": "",
      "dataPublicacao": "",
      "localPublicacao": "",
      "entidades": [],
      "noticia": [],
      "comentarios": []
   },
   {
      "url": "https://g1.globo.com/am/amazonas/edicao/2021/02/17/video-veja-as-cidades-que-mais-registram-casos-de-covid-19-no-amazonas-confira-outros-destaques-do-jam1.ghtml",
      "image": "https://s2.glbimg.com/cDFrAk6eoA_k01Dn59_VX6PBleo=/s01.video.glbimg.com/deo/vi/69/68/9276869",
      "regiao": "AM",
      "localidade": "Amazonas",
      "titulo": "",
      "subTitulo": "",
      "dataPublicacao": "",
      "localPublicacao": "",
      "entidades": [],
      "noticia": [],
      "comentarios": []
   },
   {
      "url": "https://g1.globo.com/am/amazonas/playlist/videos-am-ultrapassa-triste-marca-de-10-mil-mortos-pela-covid-19-veja-homenagens-a-vitimas-no-jam-2.ghtml",
      "image": "https://s2.glbimg.com/I9lBU8fb3FWGcUK20a2WkyzJBMs=/s01.video.glbimg.com/deo/vi/11/54/9275411",
      "regiao": "AM",
      "localidade": "Amazonas",
      "titulo": "",
      "subTitulo": "",
      "dataPublicacao": "",
      "localPublicacao": "",
      "entidades": [],
      "noticia": [],
      "comentarios": []
   },
   {
      "url": "https://g1.globo.com/am/amazonas/edicao/2021/02/16/video-estudantes-precisam-adaptar-rotina-de-estudos-durante-a-pandemia-veja-destaques-do-bda.ghtml",
      "image": "https://s2.glbimg.com/N4lDuEDCtWPBgeoDkpGnhSoH2W0=/s01.video.glbimg.com/deo/vi/60/29/9272960",
      "regiao": "AM",
      "localidade": "Amazonas",
      "titulo": "",
      "subTitulo": "",
      "dataPublicacao": "",
      "localPublicacao": "",
      "entidades": [],
      "noticia": [],
      "comentarios": []
   },
   {
      "url": "https://g1.globo.com/am/amazonas/edicao/2021/02/15/video-movimento-em-postos-de-vacinacao-contra-a-covid-19-foi-tranquilo-no-fim-de-semana-veja-destaques-do-jam1.ghtml",
      "image": null,
      "regiao": "AM",
      "localidade": "Amazonas",
      "titulo": "",
      "subTitulo": "",
      "dataPublicacao": "",
      "localPublicacao": "",
      "entidades": [],
      "noticia": [],
      "comentarios": []
   },
   {
      "url": "https://g1.globo.com/am/amazonas/edicao/2021/02/15/videos-seguro-para-aluguel-indenizacoes-quase-dobram-em-meio-a-pandemia-veja-destaques-do-bda.ghtml",
      "image": "https://s2.glbimg.com/YvIYWc2jeH6jPokWf2355I3PNbw=/s01.video.glbimg.com/deo/vi/20/09/9270920",
      "regiao": "AM",
      "localidade": "Amazonas",
      "titulo": "",
      "subTitulo": "",
      "dataPublicacao": "",
      "localPublicacao": "",
      "entidades": [],
      "noticia": [],
      "comentarios": []
   },
   {
      "url": "https://g1.globo.com/am/amazonas/edicao/2021/02/12/videos-reforco-de-medicos-contra-covid-19-chega-a-manaus-veja-destaques-do-jam-2.ghtml",
      "image": "https://s2.glbimg.com/HuZgNotTRZNyZzjZjK15BkUJqFw=/s01.video.glbimg.com/deo/vi/77/52/9265277",
      "regiao": "AM",
      "localidade": "Amazonas",
      "titulo": "",
      "subTitulo": "",
      "dataPublicacao": "",
      "localPublicacao": "",
      "entidades": [],
      "noticia": [],
      "comentarios": []
   },
   {
      "url": "https://g1.globo.com/am/amazonas/edicao/2021/02/12/videos-setor-de-turismo-busca-replanejamento-em-meio-a-pandemia-veja-destaques-do-bds.ghtml",
      "image": "https://s2.glbimg.com/sSEzB5cUwlSeN17D4FFJcat_w-A=/s01.video.glbimg.com/deo/vi/28/45/9264528",
      "regiao": "AM",
      "localidade": "Amazonas",
      "titulo": "",
      "subTitulo": "",
      "dataPublicacao": "",
      "localPublicacao": "",
      "entidades": [],
      "noticia": [],
      "comentarios": []
   },
   {
      "url": "https://g1.globo.com/am/amazonas/edicao/2021/02/12/videos-lojas-descumprem-decreto-de-combate-a-pandemia-veja-destaques-do-bda.ghtml",
      "image": "https://s2.glbimg.com/dqaFFCC23r8lNU0da_HL9PtgegM=/s01.video.glbimg.com/deo/vi/84/34/9263484",
      "regiao": "AM",
      "localidade": "Amazonas",
      "titulo": "",
      "subTitulo": "",
      "dataPublicacao": "",
      "localPublicacao": "",
      "entidades": [],
      "noticia": [],
      "comentarios": []
   },
   {
      "url": "https://g1.globo.com/politica/ao-vivo/pazuello-explica-ao-senado-acoes-de-combate-a-pandemia.ghtml",
      "image": null,
      "regiao": "POLITICA",
      "localidade": "Ao vivo",
      "titulo": "Ao Senado, Pazuello nega que recebeu relatos de falta de oxig\u00eanio antes da crise em Manaus",
      "subTitulo": "Ministro da Sa\u00fade participou de sess\u00e3o para falar das medidas adotadas para combater a pandemia no pa\u00eds.",
      "dataPublicacao": "",
      "localPublicacao": "",
      "entidades": [],
      "noticia": [],
      "comentarios": []
   },
   {
      "url": "https://g1.globo.com/am/amazonas/edicao/2021/02/11/video-acao-ajuda-idosos-que-precisam-de-transporte-para-se-imunizarem-contra-a-covid-19-veja-os-destaques-do-bda.ghtml",
      "image": "https://s2.glbimg.com/xLRdOMxaUrJ_bkweZX3mmmbIBXo=/s01.video.glbimg.com/deo/vi/43/09/9260943",
      "regiao": "AM",
      "localidade": "Amazonas",
      "titulo": "",
      "subTitulo": "",
      "dataPublicacao": "",
      "localPublicacao": "",
      "entidades": [],
      "noticia": [],
      "comentarios": []
   },
   {
      "url": "https://g1.globo.com/am/amazonas/edicao/2021/02/10/videos-am-registra-tres-casos-de-reinfeccao-da-covid-veja-destaques-do-bda.ghtml",
      "image": "https://s2.glbimg.com/CfO7dOFNv4TyyCnVQYqMQmaGYWQ=/s01.video.glbimg.com/deo/vi/75/70/9257075",
      "regiao": "AM",
      "localidade": "Amazonas",
      "titulo": "",
      "subTitulo": "",
      "dataPublicacao": "",
      "localPublicacao": "",
      "entidades": [],
      "noticia": [],
      "comentarios": []
   },
   {
      "url": "https://g1.globo.com/globonews/playlist/historias-da-vacina-conheca-brasileiros-que-tem-papel-fundamental-na-vacinacao-contra-a-covid.ghtml",
      "image": "https://s2.glbimg.com/nmhrbI9HzAKqgLydaxNgj8b9hFA=/s01.video.glbimg.com/deo/vi/24/03/9250324",
      "regiao": "GLOBONEWS",
      "localidade": "Playlist",
      "titulo": "",
      "subTitulo": "",
      "dataPublicacao": "",
      "localPublicacao": "",
      "entidades": [],
      "noticia": [],
      "comentarios": []
   },
   {
      "url": "https://g1.globo.com/am/amazonas/playlist/videos-novos-grupos-sao-incluidos-na-vacinacao-contra-covid-em-manaus-veja-destaques-do-jam-2.ghtml",
      "image": "https://s2.glbimg.com/J2-02bwrFcRavjogbDs2UPaCt2o=/s01.video.glbimg.com/deo/vi/00/12/9251200",
      "regiao": "AM",
      "localidade": "Amazonas",
      "titulo": "",
      "subTitulo": "",
      "dataPublicacao": "",
      "localPublicacao": "",
      "entidades": [],
      "noticia": [],
      "comentarios": []
   },
   {
      "url": "https://g1.globo.com/mundo/stories/2021/02/08/israel-o-pais-com-a-vacinacao-mais-avancada-contra-covid.ghtml",
      "image": "https://s2.glbimg.com/YHdIHIMBcNk4PZNUSt5g51JsaQo=/i.s3.glbimg.com/v1/AUTH_59edd422c0c84a879bd37670ae4f538a/internal_photos/bs/2021/N/O/ga13F1TTKcz8mHqRZIuA/israeli-embassy-in-usa.gif",
      "regiao": "MUNDO",
      "localidade": "Stories",
      "titulo": "",
      "subTitulo": "",
      "dataPublicacao": "",
      "localPublicacao": "",
      "entidades": [],
      "noticia": [],
      "comentarios": []
   },
   {
      "url": "https://g1.globo.com/am/amazonas/playlist/videos-comercio-no-am-sente-reflexos-das-novas-restricoes-impostas-pela-covid-veja-destaques-do-bda.ghtml",
      "image": "https://s2.glbimg.com/lucaBMtYcS8T-Vc0Rm99JG-UYMM=/s01.video.glbimg.com/deo/vi/88/36/9243688",
      "regiao": "AM",
      "localidade": "Amazonas",
      "titulo": "",
      "subTitulo": "",
      "dataPublicacao": "",
      "localPublicacao": "",
      "entidades": [],
      "noticia": [],
      "comentarios": []
   },
   {
      "url": "https://g1.globo.com/am/amazonas/playlist/videos-pacientes-retornam-ao-amazonas-apos-tratamento-contra-covid-19-veja-os-destaques-do-jam1.ghtml",
      "image": "https://s2.glbimg.com/TNKId73dCAzE-VoDdDFdgMhF0JQ=/s01.video.glbimg.com/deo/vi/43/65/9236543",
      "regiao": "AM",
      "localidade": "Amazonas",
      "titulo": "",
      "subTitulo": "",
      "dataPublicacao": "",
      "localPublicacao": "",
      "entidades": [],
      "noticia": [],
      "comentarios": []
   },
   {
      "url": "https://g1.globo.com/am/amazonas/edicao/2021/02/02/videos-sindrome-pos-covid-atinge-principalmente-mulheres-entre-25-e-60-anos-veja-destaques-do-bda.ghtml",
      "image": "https://s2.glbimg.com/eB4vxl7GXXuDx-IOFaqQz9fgk5E=/s01.video.glbimg.com/deo/vi/66/18/9231866",
      "regiao": "AM",
      "localidade": "Amazonas",
      "titulo": "",
      "subTitulo": "",
      "dataPublicacao": "",
      "localPublicacao": "",
      "entidades": [],
      "noticia": [],
      "comentarios": []
   },
   {
      "url": "https://g1.globo.com/am/amazonas/edicao/2021/02/01/videos-janeiro-e-o-mes-com-maior-numero-de-casos-e-mortes-por-covid-19-veja-destaques-do-bda.ghtml",
      "image": "https://s2.glbimg.com/D8F1NceMH29UuT_4Ey_08WJyW6Y=/s01.video.glbimg.com/deo/vi/21/95/9229521",
      "regiao": "AM",
      "localidade": "Amazonas",
      "titulo": "",
      "subTitulo": "",
      "dataPublicacao": "",
      "localPublicacao": "",
      "entidades": [],
      "noticia": [],
      "comentarios": []
   },
   {
      "url": "https://g1.globo.com/bemestar/stories/2021/02/01/variantes-do-coronavirus-os-perigos-das-mutacoes-no-combate-a-pandemia.ghtml",
      "image": "https://s2.glbimg.com/ixsDAPPms7lMHC8zEViuF77uRRY=/i.s3.glbimg.com/v1/AUTH_59edd422c0c84a879bd37670ae4f538a/internal_photos/bs/2021/0/g/oFFwlBQaaO2qSo0zVuzw/design-sem-nome-2021-01-28t141916.122.png",
      "regiao": "BEMESTAR",
      "localidade": "Stories",
      "titulo": "",
      "subTitulo": "",
      "dataPublicacao": "",
      "localPublicacao": "",
      "entidades": [],
      "noticia": [],
      "comentarios": []
   },
   {
      "url": "https://g1.globo.com/bemestar/stories/2021/01/29/corona-insonia-o-fenomeno-que-esta-impedindo-as-pessoas-de-dormir-na-pandemia.ghtml",
      "image": "https://s2.glbimg.com/-_2-TgkZNwoUpcnG_AVyKgJSJLI=/i.s3.glbimg.com/v1/AUTH_59edd422c0c84a879bd37670ae4f538a/internal_photos/bs/2021/9/j/H30B54RsOfAj5LmWb6AA/giphy-laura-elena-torres-vargas.gif",
      "regiao": "BEMESTAR",
      "localidade": "Stories",
      "titulo": "",
      "subTitulo": "",
      "dataPublicacao": "",
      "localPublicacao": "",
      "entidades": [],
      "noticia": [],
      "comentarios": []
   },
   {
      "url": "https://g1.globo.com/am/amazonas/playlist/videos-parintins-avanca-para-2-etapa-de-vacinacao-contra-covid-19-veja-destaques-do-jam-1.ghtml",
      "image": "https://s2.glbimg.com/XEV4SexUQphCxbXyhzefj57pAs8=/s01.video.glbimg.com/deo/vi/66/87/9218766",
      "regiao": "AM",
      "localidade": "Amazonas",
      "titulo": "",
      "subTitulo": "",
      "dataPublicacao": "",
      "localPublicacao": "",
      "entidades": [],
      "noticia": [],
      "comentarios": []
   },
   {
      "url": "https://g1.globo.com/am/amazonas/playlist/videos-pacientes-recuperados-da-covid-que-estavam-na-paraiba-retornam-para-manaus-veja-destaques-do-jam-1.ghtml",
      "image": "https://s2.glbimg.com/g0XAwbcHVO52oJqfWE3LY4tsk8Q=/s01.video.glbimg.com/deo/vi/50/46/9214650",
      "regiao": "AM",
      "localidade": "Amazonas",
      "titulo": "",
      "subTitulo": "",
      "dataPublicacao": "",
      "localPublicacao": "",
      "entidades": [],
      "noticia": [],
      "comentarios": []
   },
   {
      "url": "https://g1.globo.com/am/amazonas/edicao/2021/01/27/video-pesquisador-da-fiocruz-fala-sobre-nova-variante-da-covid-19-que-circula-no-amazonas-veja-destaques-do-bda.ghtml",
      "image": "https://s2.glbimg.com/0szDaG1oUMUKGHJR5KP3NvONqMA=/s01.video.glbimg.com/deo/vi/53/45/9214553",
      "regiao": "AM",
      "localidade": "Amazonas",
      "titulo": "",
      "subTitulo": "",
      "dataPublicacao": "",
      "localPublicacao": "",
      "entidades": [],
      "noticia": [],
      "comentarios": []
   },
   {
      "url": "https://g1.globo.com/am/amazonas/playlist/videos-em-presidente-figueiredo-caminhoneiros-fazem-teste-rapido-para-covid-19-veja-destaques-do-bda.ghtml",
      "image": "https://s2.glbimg.com/yUg-4xkXm48eGF97GSB2loiKt4Y=/s01.video.glbimg.com/deo/vi/63/08/9210863",
      "regiao": "AM",
      "localidade": "Amazonas",
      "titulo": "",
      "subTitulo": "",
      "dataPublicacao": "",
      "localPublicacao": "",
      "entidades": [],
      "noticia": [],
      "comentarios": []
   },
   {
      "url": "https://g1.globo.com/am/amazonas/edicao/2021/01/25/videos-novo-lote-de-vacina-chega-a-manaus-veja-destaques-do-jam-1.ghtml",
      "image": "https://s2.glbimg.com/wcERmLjs-RiDoBSZ04fabGT5VKQ=/s01.video.glbimg.com/deo/vi/12/79/9207912",
      "regiao": "AM",
      "localidade": "Amazonas",
      "titulo": "",
      "subTitulo": "",
      "dataPublicacao": "",
      "localPublicacao": "",
      "entidades": [],
      "noticia": [],
      "comentarios": []
   },
   {
      "url": "https://g1.globo.com/am/amazonas/edicao/2021/01/23/videos-alta-de-casos-da-covid-19-no-interior-preocupa-governo-veja-destaques-do-jam-2.ghtml",
      "image": "https://s2.glbimg.com/n5dBYFS5pi1QCk9TvxUcE5hguAA=/s01.video.glbimg.com/deo/vi/66/53/9205366",
      "regiao": "AM",
      "localidade": "Amazonas",
      "titulo": "",
      "subTitulo": "",
      "dataPublicacao": "",
      "localPublicacao": "",
      "entidades": [],
      "noticia": [],
      "comentarios": []
   },
   {
      "url": "https://g1.globo.com/bemestar/vacina/stories/2021/01/22/conheca-a-historia-do-programa-nacional-de-imunizacao.ghtml",
      "image": "https://s2.glbimg.com/cHcnVeuZVVDc6zBiurI-hLwwUNs=/i.s3.glbimg.com/v1/AUTH_59edd422c0c84a879bd37670ae4f538a/internal_photos/bs/2021/h/z/mEgOWRQOaeh7VwFBBScg/vacina.gif",
      "regiao": "BEMESTAR",
      "localidade": "Vacina",
      "titulo": "",
      "subTitulo": "",
      "dataPublicacao": "",
      "localPublicacao": "",
      "entidades": [],
      "noticia": [],
      "comentarios": []
   },
   {
      "url": "https://g1.globo.com/bemestar/vacina/ao-vivo/reuniao-anvisa-coronavac.ghtml",
      "image": null,
      "regiao": "BEMESTAR",
      "localidade": "Vacina",
      "titulo": "Anvisa libera uso emergencial de doses da CoronaVac envasadas no Brasil",
      "subTitulo": "",
      "dataPublicacao": "",
      "localPublicacao": "",
      "entidades": [],
      "noticia": [],
      "comentarios": []
   },
   {
      "url": "https://g1.globo.com/am/amazonas/edicao/2021/01/22/video-governadores-pedem-cota-extra-de-vacina-contra-a-covid-19-para-o-amazonas-veja-destaques-do-jam1.ghtml",
      "image": "https://s2.glbimg.com/PIe0POBWSMdwPbckCOO6hfPNpCM=/s01.video.glbimg.com/deo/vi/81/13/9201381",
      "regiao": "AM",
      "localidade": "Amazonas",
      "titulo": "",
      "subTitulo": "",
      "dataPublicacao": "",
      "localPublicacao": "",
      "entidades": [],
      "noticia": [],
      "comentarios": []
   },
   {
      "url": "https://g1.globo.com/am/amazonas/playlist/videos-doses-de-vacina-contra-covid-estao-armazenadas-em-manaus-veja-destaques-do-jam-2.ghtml",
      "image": "https://s2.glbimg.com/a81tCvGnebn0_a7BtJF04SJs5N4=/s01.video.glbimg.com/deo/vi/72/99/9199972",
      "regiao": "AM",
      "localidade": "Amazonas",
      "titulo": "",
      "subTitulo": "",
      "dataPublicacao": "",
      "localPublicacao": "",
      "entidades": [],
      "noticia": [],
      "comentarios": []
   },
   {
      "url": "https://g1.globo.com/bemestar/vacina/stories/2021/01/19/vacinacao-entenda-por-que-essa-escolha-nao-e-individual.ghtml",
      "image": "https://s2.glbimg.com/zBQKyu0Z5Czb1-uVn_6hq5Vpe0I=/i.s3.glbimg.com/v1/AUTH_59edd422c0c84a879bd37670ae4f538a/internal_photos/bs/2021/m/R/EAO5toQ2qBTWxLHuuHGg/giphy.gif",
      "regiao": "BEMESTAR",
      "localidade": "Vacina",
      "titulo": "",
      "subTitulo": "",
      "dataPublicacao": "",
      "localPublicacao": "",
      "entidades": [],
      "noticia": [],
      "comentarios": []
   },
   {
      "url": "https://g1.globo.com/bemestar/vacina/ao-vivo/vacinacao-no-brasil.ghtml",
      "image": null,
      "regiao": "BEMESTAR",
      "localidade": "Vacina",
      "titulo": "Doses da CoronaVac chegam a todos os estados, e vacina\u00e7\u00e3o come\u00e7a",
      "subTitulo": "Rond\u00f4nia foi o \u00faltimo estado a receber as doses da CoronaVac. Primeiro estado a come\u00e7ar a imunizar a popula\u00e7\u00e3o foi S\u00e3o Paulo, no domingo (17).",
      "dataPublicacao": "",
      "localPublicacao": "",
      "entidades": [],
      "noticia": [],
      "comentarios": []
   },
   {
      "url": "https://g1.globo.com/am/amazonas/playlist/videos-professor-da-uea-tira-duvidas-sobre-a-vacina-contra-a-covid-19-veja-destaques-do-bda.ghtml",
      "image": "https://s2.glbimg.com/emXZFKi4j6wl8URfAFQyQ_iyH_4=/s01.video.glbimg.com/deo/vi/06/07/9190706",
      "regiao": "AM",
      "localidade": "Amazonas",
      "titulo": "",
      "subTitulo": "",
      "dataPublicacao": "",
      "localPublicacao": "",
      "entidades": [],
      "noticia": [],
      "comentarios": []
   },
   {
      "url": "https://g1.globo.com/bemestar/vacina/stories/2021/01/18/covid-19-os-primeiros-vacinados-no-brasil.ghtml",
      "image": "https://s2.glbimg.com/21L4HMY4ZsHRaw3tqHGopDR5lyY=/i.s3.glbimg.com/v1/AUTH_59edd422c0c84a879bd37670ae4f538a/internal_photos/bs/2021/1/a/vkLI22T8i7dQbc6c5F5A/50845959156-688d4b5b18-c.jpg",
      "regiao": "BEMESTAR",
      "localidade": "Vacina",
      "titulo": "",
      "subTitulo": "",
      "dataPublicacao": "",
      "localPublicacao": "",
      "entidades": [],
      "noticia": [],
      "comentarios": []
   },
   {
      "url": "https://g1.globo.com/bemestar/stories/2021/01/18/vacinacao-contra-covid-no-brasil-perguntas-e-respostas.ghtml",
      "image": "https://s2.glbimg.com/k4UfxIlOrtjpl6Nbz1TEDjIlAKo=/i.s3.glbimg.com/v1/AUTH_59edd422c0c84a879bd37670ae4f538a/internal_photos/bs/2021/6/n/mk5bz8RI2zIIkYd7BdmA/design-sem-nome-65-.gif",
      "regiao": "BEMESTAR",
      "localidade": "Stories",
      "titulo": "",
      "subTitulo": "",
      "dataPublicacao": "",
      "localPublicacao": "",
      "entidades": [],
      "noticia": [],
      "comentarios": []
   },
   {
      "url": "https://g1.globo.com/bemestar/coronavirus/playlist/videos-vacina-no-brasil-tudo-sobre-a-vacinacao-no-pais.ghtml",
      "image": "https://s2.glbimg.com/F00zOAIOigJIQKGx3ZH68E7-u5M=/s01.video.glbimg.com/deo/vi/93/34/9263493",
      "regiao": "BEMESTAR",
      "localidade": "Coronavirus",
      "titulo": "",
      "subTitulo": "",
      "dataPublicacao": "",
      "localPublicacao": "",
      "entidades": [],
      "noticia": [],
      "comentarios": []
   },
   {
      "url": "https://g1.globo.com/sc/santa-catarina/playlist/videos-vacinacao-contra-a-covid-19-em-sc.ghtml",
      "image": "https://s2.glbimg.com/yDiRgZP8zjnF_9Lf8Px5jcfw9Ts=/s01.video.glbimg.com/deo/vi/93/73/9187393",
      "regiao": "SC",
      "localidade": "Santa catarina",
      "titulo": "",
      "subTitulo": "",
      "dataPublicacao": "",
      "localPublicacao": "",
      "entidades": [],
      "noticia": [],
      "comentarios": []
   },
   {
      "url": "https://g1.globo.com/sp/campinas-regiao/edicao/2021/01/18/videos-especialistas-respondem-duvidas-de-telespectadores-da-eptv-sobre-a-vacinacao-contra-covid-19.ghtml",
      "image": "https://s2.glbimg.com/OXDmgGc3t6lzaALRWS1ici0Tg8Y=/s01.video.glbimg.com/deo/vi/28/08/9190828",
      "regiao": "SP",
      "localidade": "Campinas regiao",
      "titulo": "",
      "subTitulo": "",
      "dataPublicacao": "",
      "localPublicacao": "",
      "entidades": [],
      "noticia": [],
      "comentarios": []
   },
   {
      "url": "https://g1.globo.com/educacao/enem/2020/stories/2021/01/15/como-se-proteger-da-covid-19-durante-o-enem-2020.ghtml",
      "image": "https://s2.glbimg.com/z0lG_9wzLn_XryHrivlFRxo_v8o=/i.s3.glbimg.com/v1/AUTH_59edd422c0c84a879bd37670ae4f538a/internal_photos/bs/2021/A/N/fkW74wQrGRfqzDkfEnhg/giphy-lookhuman-2.gif",
      "regiao": "EDUCACAO",
      "localidade": "Enem",
      "titulo": "",
      "subTitulo": "",
      "dataPublicacao": "",
      "localPublicacao": "",
      "entidades": [],
      "noticia": [],
      "comentarios": []
   },
   {
      "url": "https://g1.globo.com/bemestar/stories/2021/01/14/coronavac-o-que-se-sabe-sobre-a-vacina-contra-covid-19-produzida-pelo-butantan.ghtml",
      "image": "https://s2.glbimg.com/RmX7xKcoxclRXGjwT4PRyok6PoA=/i.s3.glbimg.com/v1/AUTH_59edd422c0c84a879bd37670ae4f538a/internal_photos/bs/2021/A/w/P2NgABTdyQhzR9Kz8C1w/animated-gif-downsized-large-53-.gif",
      "regiao": "BEMESTAR",
      "localidade": "Stories",
      "titulo": "",
      "subTitulo": "",
      "dataPublicacao": "",
      "localPublicacao": "",
      "entidades": [],
      "noticia": [],
      "comentarios": []
   },
   {
      "url": "https://g1.globo.com/sp/campinas-regiao/ao-vivo/prefeito-de-campinas-detalha-plano-de-vacinacao-contra-covid-na-cidade.ghtml",
      "image": null,
      "regiao": "SP",
      "localidade": "Campinas regiao",
      "titulo": "Prefeito de Campinas detalha plano de vacina\u00e7\u00e3o contra covid na cidade",
      "subTitulo": "D\u00e1rio Saadi (Republicanos) explica em coletiva, nesta quinta-feira (14), como ser\u00e1 organizada a imuniza\u00e7\u00e3o. G1 transmite pronunciamento.",
      "dataPublicacao": "",
      "localPublicacao": "",
      "entidades": [],
      "noticia": [],
      "comentarios": []
   },
   {
      "url": "https://g1.globo.com/bemestar/vacina/stories/2021/01/13/vacina-contra-covid-19-veja-documentos-necessarios-para-se-imunizar.ghtml",
      "image": "https://s2.glbimg.com/zLViJ4aFdShnZCovqZX7z5cvc9Y=/i.s3.glbimg.com/v1/AUTH_59edd422c0c84a879bd37670ae4f538a/internal_photos/bs/2021/l/n/goQLm2RaAJryYWAvAbqA/giphy-1-.gif",
      "regiao": "BEMESTAR",
      "localidade": "Vacina",
      "titulo": "",
      "subTitulo": "",
      "dataPublicacao": "",
      "localPublicacao": "",
      "entidades": [],
      "noticia": [],
      "comentarios": []
   },
   {
      "url": "https://g1.globo.com/go/goias/edicao/2021/01/13/videos-maguito-vilela-morre-devido-a-complicacoes-da-covid-19.ghtml",
      "image": "https://s2.glbimg.com/cMFDLD1l0B3X3EI2IsMczoAps10=/s01.video.glbimg.com/deo/vi/08/35/9173508",
      "regiao": "GO",
      "localidade": "Goias",
      "titulo": "",
      "subTitulo": "",
      "dataPublicacao": "",
      "localPublicacao": "",
      "entidades": [],
      "noticia": [],
      "comentarios": []
   },
   {
      "url": "https://g1.globo.com/am/amazonas/playlist/videos-am-tem-novo-recorde-de-internacoes-diarias-por-covid-veja-destaques-do-jam-1.ghtml",
      "image": "https://s2.glbimg.com/jfbBkfMj_yJbYKNfp5ifDAy4Rtw=/s01.video.glbimg.com/deo/vi/09/26/9172609",
      "regiao": "AM",
      "localidade": "Amazonas",
      "titulo": "",
      "subTitulo": "",
      "dataPublicacao": "",
      "localPublicacao": "",
      "entidades": [],
      "noticia": [],
      "comentarios": []
   },
   {
      "url": "https://g1.globo.com/sp/sao-paulo/ao-vivo/coronavac-butantan-fala-sobre-vacina.ghtml",
      "image": null,
      "regiao": "SP",
      "localidade": "Sao paulo",
      "titulo": "CoronaVac tem efic\u00e1cia global de 50,38% nos testes feitos no Brasil, anuncia Butantan",
      "subTitulo": "",
      "dataPublicacao": "",
      "localPublicacao": "",
      "entidades": [],
      "noticia": [],
      "comentarios": []
   },
   {
      "url": "https://g1.globo.com/am/amazonas/edicao/2021/01/12/videos-alta-da-covid-19-afeta-estoque-de-oxigenio-no-am-veja-destaques-do-jam-2.ghtml",
      "image": "https://s2.glbimg.com/RZYHvWKhaJrwCKr4Va1LcXmN-4Q=/s01.video.glbimg.com/deo/vi/39/16/9171639",
      "regiao": "AM",
      "localidade": "Amazonas",
      "titulo": "",
      "subTitulo": "",
      "dataPublicacao": "",
      "localPublicacao": "",
      "entidades": [],
      "noticia": [],
      "comentarios": []
   },
   {
      "url": "https://g1.globo.com/am/amazonas/playlist/videos-atalaia-do-norte-quer-mais-testes-rapidos-para-covid-19-veja-destaques-do-jam-2.ghtml",
      "image": "https://s2.glbimg.com/UJJxCY_OhskTHP5-4vey1HLrSjs=/s01.video.glbimg.com/deo/vi/68/99/9169968",
      "regiao": "AM",
      "localidade": "Amazonas",
      "titulo": "",
      "subTitulo": "",
      "dataPublicacao": "",
      "localPublicacao": "",
      "entidades": [],
      "noticia": [],
      "comentarios": []
   },
   {
      "url": "https://g1.globo.com/am/amazonas/edicao/2021/01/09/video-por-pandemia-espacos-publicos-sao-higienizados-em-manaus-veja-destaques-do-jam-1.ghtml",
      "image": "https://s2.glbimg.com/EsGm6hcKqrKxjFrIH9qJFPxJ0YA=/s01.video.glbimg.com/deo/vi/62/49/9164962",
      "regiao": "AM",
      "localidade": "Amazonas",
      "titulo": "",
      "subTitulo": "",
      "dataPublicacao": "",
      "localPublicacao": "",
      "entidades": [],
      "noticia": [],
      "comentarios": []
   },
   {
      "url": "https://g1.globo.com/am/amazonas/playlist/videos-prefeitura-de-manaus-instala-comite-de-crise-contra-a-covid-19-veja-destaques-do-jam-2.ghtml",
      "image": "https://s2.glbimg.com/7ZbsxzvQTFhsHL4ep3Gkb84ifcA=/s01.video.glbimg.com/deo/vi/12/43/9164312",
      "regiao": "AM",
      "localidade": "Amazonas",
      "titulo": "",
      "subTitulo": "",
      "dataPublicacao": "",
      "localPublicacao": "",
      "entidades": [],
      "noticia": [],
      "comentarios": []
   },
   {
      "url": "https://g1.globo.com/bemestar/stories/2021/01/08/uso-emergencial-da-vacina-entenda-os-requisitos-da-anvisa.ghtml",
      "image": "https://s2.glbimg.com/Bx_hLlicPkdutELTt737tyoZdTU=/i.s3.glbimg.com/v1/AUTH_59edd422c0c84a879bd37670ae4f538a/internal_photos/bs/2021/F/y/GbAooiQEuODPaKNvWViA/giphy.gif",
      "regiao": "BEMESTAR",
      "localidade": "Stories",
      "titulo": "",
      "subTitulo": "",
      "dataPublicacao": "",
      "localPublicacao": "",
      "entidades": [],
      "noticia": [],
      "comentarios": []
   },
   {
      "url": "https://g1.globo.com/am/amazonas/playlist/videos-amazonas-tem-fila-de-espera-por-leitos-de-covid-19-veja-destaques-do-jam-1.ghtml",
      "image": "https://s2.glbimg.com/-NPiZ7BPCP0kp2-4s8WPrZ-jzkU=/s01.video.glbimg.com/deo/vi/08/26/9162608",
      "regiao": "AM",
      "localidade": "Amazonas",
      "titulo": "",
      "subTitulo": "",
      "dataPublicacao": "",
      "localPublicacao": "",
      "entidades": [],
      "noticia": [],
      "comentarios": []
   },
   {
      "url": "https://g1.globo.com/bemestar/vacina/ao-vivo/governo-explica-regras-para-compra-de-vacinas-contra-a-covid-19.ghtml",
      "image": null,
      "regiao": "BEMESTAR",
      "localidade": "Vacina",
      "titulo": "Pazuello anuncia contrato para comprar 100 milh\u00f5es de doses da CoronaVac",
      "subTitulo": "",
      "dataPublicacao": "",
      "localPublicacao": "",
      "entidades": [],
      "noticia": [],
      "comentarios": []
   },
   {
      "url": "https://g1.globo.com/bemestar/coronavirus/playlist/videos-brasil-chega-a-200-mil-mortes-por-covid-19.ghtml",
      "image": "https://s2.glbimg.com/Av2BIxRux8Ww-MHzTbjXFQmJQfk=/s01.video.glbimg.com/deo/vi/27/04/9160427",
      "regiao": "BEMESTAR",
      "localidade": "Coronavirus",
      "titulo": "",
      "subTitulo": "",
      "dataPublicacao": "",
      "localPublicacao": "",
      "entidades": [],
      "noticia": [],
      "comentarios": []
   },
   {
      "url": "https://g1.globo.com/am/amazonas/playlist/videos-wilson-lima-cumpre-agenda-em-brasilia-para-tratar-sobre-alta-da-covid-veja-destaques-do-jam-2.ghtml",
      "image": "https://s2.glbimg.com/pu-woKN1hsnlqOONnGeuyQNy71U=/s01.video.glbimg.com/deo/vi/03/78/9157803",
      "regiao": "AM",
      "localidade": "Amazonas",
      "titulo": "",
      "subTitulo": "",
      "dataPublicacao": "",
      "localPublicacao": "",
      "entidades": [],
      "noticia": [],
      "comentarios": []
   },
   {
      "url": "https://g1.globo.com/am/amazonas/playlist/videos-manaus-e-presidente-figueiredo-decretam-emergencia-por-conta-de-avanco-da-covid-veja-destaques-do-jam-1.ghtml",
      "image": "https://s2.glbimg.com/_cIi0MMFOFCFu3CbjKDX54zpuLk=/s01.video.glbimg.com/deo/vi/64/66/9156664",
      "regiao": "AM",
      "localidade": "Amazonas",
      "titulo": "",
      "subTitulo": "",
      "dataPublicacao": "",
      "localPublicacao": "",
      "entidades": [],
      "noticia": [],
      "comentarios": []
   },
   {
      "url": "https://g1.globo.com/am/amazonas/playlist/videos-parintins-adota-medidas-restritivas-contra-a-covid-19-veja-destaques-do-bda.ghtml",
      "image": "https://s2.glbimg.com/m_yGbV0uyRRIH3zHrPjMrtn_3ZU=/s01.video.glbimg.com/deo/vi/47/62/9156247",
      "regiao": "AM",
      "localidade": "Amazonas",
      "titulo": "",
      "subTitulo": "",
      "dataPublicacao": "",
      "localPublicacao": "",
      "entidades": [],
      "noticia": [],
      "comentarios": []
   },
   {
      "url": "https://g1.globo.com/am/amazonas/playlist/videos-aumento-de-mortes-por-covid-19-gera-movimento-intenso-em-cemiterios-veja-destaques-do-jam-1.ghtml",
      "image": "https://s2.glbimg.com/cw_EHAxy8--WYndxu47nj0ZJyfU=/s01.video.glbimg.com/deo/vi/34/13/9151334",
      "regiao": "AM",
      "localidade": "Amazonas",
      "titulo": "",
      "subTitulo": "",
      "dataPublicacao": "",
      "localPublicacao": "",
      "entidades": [],
      "noticia": [],
      "comentarios": []
   },
   {
      "url": "https://g1.globo.com/am/amazonas/edicao/2021/03/29/video-especialista-fala-dos-riscos-da-covid-19-para-hipertensos-veja-destaques-do-bda.ghtml",
      "image": "https://s2.glbimg.com/LKwaJ3MLhWdSd5GFH80FXibOtx8=/s01.video.glbimg.com/deo/vi/12/11/9391112",
      "regiao": "AM",
      "localidade": "Amazonas",
      "titulo": "",
      "subTitulo": "",
      "dataPublicacao": "",
      "localPublicacao": "",
      "entidades": [],
      "noticia": [],
      "comentarios": []
   },
   {
      "url": "https://g1.globo.com/bemestar/coronavirus/playlist/videos-veja-as-historias-de-solidariedade-do-especial-gente-que-inspira.ghtml",
      "image": "https://s2.glbimg.com/t33wqREQbU0zeDp5O4jIwJN8v3M=/s01.video.glbimg.com/deo/vi/77/18/9371877",
      "regiao": "BEMESTAR",
      "localidade": "Coronavirus",
      "titulo": "",
      "subTitulo": "",
      "dataPublicacao": "",
      "localPublicacao": "",
      "entidades": [],
      "noticia": [],
      "comentarios": []
   },
   {
      "url": "https://g1.globo.com/am/amazonas/edicao/2021/03/26/videos-em-manaus-fila-de-espera-para-uti-covid-e-zerada-veja-destaques-do-jam-2.ghtml",
      "image": "https://s2.glbimg.com/Z9sFxQnPZ_Pbdz1_pNTKgrU8UZw=/s01.video.glbimg.com/deo/vi/52/64/9386452",
      "regiao": "AM",
      "localidade": "Amazonas",
      "titulo": "",
      "subTitulo": "",
      "dataPublicacao": "",
      "localPublicacao": "",
      "entidades": [],
      "noticia": [],
      "comentarios": []
   },
   {
      "url": "https://g1.globo.com/bemestar/vacina/ao-vivo/nova-vacina-butantan.ghtml",
      "image": null,
      "regiao": "BEMESTAR",
      "localidade": "Vacina",
      "titulo": "Butantan anuncia a Butanvac, nova candidata a vacina contra Covid",
      "subTitulo": "Imunizante ter\u00e1 fabrica\u00e7\u00e3o 100% nacional. Instituto vai pedir hoje autoriza\u00e7\u00e3o \u00e0 Anvisa para realizar testes em humanos e poder\u00e1 entregar 40 milh\u00f5es de doses a partir de julho.",
      "dataPublicacao": "",
      "localPublicacao": "",
      "entidades": [],
      "noticia": [],
      "comentarios": []
   },
   {
      "url": "https://g1.globo.com/ciencia-e-saude/stories/2021/03/25/covid-19-quando-se-determina-o-fim-de-uma-pandemia.ghtml",
      "image": "https://s2.glbimg.com/DrhUZcpIqSIkJLy5PTHwFFFxr-w=/i.s3.glbimg.com/v1/AUTH_59edd422c0c84a879bd37670ae4f538a/internal_photos/bs/2021/2/A/yBsbdZSPGbETHa96XDuw/design-sem-nome-77-.gif",
      "regiao": "CIENCIA-E-SAUDE",
      "localidade": "Stories",
      "titulo": "",
      "subTitulo": "",
      "dataPublicacao": "",
      "localPublicacao": "",
      "entidades": [],
      "noticia": [],
      "comentarios": []
   },
   {
      "url": "https://g1.globo.com/sp/sao-paulo/ao-vivo/covas-sao-paulo-combate-a-pandemia.ghtml",
      "image": null,
      "regiao": "SP",
      "localidade": "Sao paulo",
      "titulo": "Prefeitura de SP anuncia constru\u00e7\u00e3o de 19 'miniusinas' de oxig\u00eanio",
      "subTitulo": "",
      "dataPublicacao": "",
      "localPublicacao": "",
      "entidades": [],
      "noticia": [],
      "comentarios": []
   },
   {
      "url": "https://g1.globo.com/bemestar/coronavirus/playlist/videos-300-mil-mortes-a-alta-de-mortes-a-dor-das-perdas-e-relatos-inspiradores-em-meio-a-pandemia.ghtml",
      "image": "https://s2.glbimg.com/hGmZn9aX1SonuVvy2FM4XEHcjSM=/s01.video.glbimg.com/deo/vi/32/09/9370932",
      "regiao": "BEMESTAR",
      "localidade": "Coronavirus",
      "titulo": "",
      "subTitulo": "",
      "dataPublicacao": "",
      "localPublicacao": "",
      "entidades": [],
      "noticia": [],
      "comentarios": []
   },
   {
      "url": "https://g1.globo.com/sp/campinas-regiao/ao-vivo/coronavirus-campinas-anuncia-novas-acoes-de-combate-a-pandemia.ghtml",
      "image": null,
      "regiao": "SP",
      "localidade": "Campinas regiao",
      "titulo": "Coronav\u00edrus: Campinas cria novas restri\u00e7\u00f5es a servi\u00e7os essenciais para conter pandemia",
      "subTitulo": "Medidas alteram permiss\u00f5es em drive-thru e restringem presen\u00e7a de p\u00fablico nos estabelecimentos essenciais.",
      "dataPublicacao": "",
      "localPublicacao": "",
      "entidades": [],
      "noticia": [],
      "comentarios": []
   },
   {
      "url": "https://g1.globo.com/sp/campinas-regiao/edicao/2021/03/24/serie-impacto-diferenciado-veja-os-reflexos-da-pandemia-na-periferia-de-campinas.ghtml",
      "image": "https://s2.glbimg.com/4h6CJmNwItwJGXgPknFxfdCLjtg=/s01.video.glbimg.com/deo/vi/86/06/9350686",
      "regiao": "SP",
      "localidade": "Campinas regiao",
      "titulo": "",
      "subTitulo": "",
      "dataPublicacao": "",
      "localPublicacao": "",
      "entidades": [],
      "noticia": [],
      "comentarios": []
   },
   {
      "url": "https://g1.globo.com/globonews/playlist/videos-veja-a-analise-dos-comentaristas-apos-criacao-do-comite-anti-covid.ghtml",
      "image": "https://s2.glbimg.com/mr2Ou1uqyay0Qe9aMDV2c_-daTc=/s01.video.glbimg.com/deo/vi/63/74/9377463",
      "regiao": "GLOBONEWS",
      "localidade": "Playlist",
      "titulo": "",
      "subTitulo": "",
      "dataPublicacao": "",
      "localPublicacao": "",
      "entidades": [],
      "noticia": [],
      "comentarios": []
   },
   {
      "url": "https://g1.globo.com/rj/rio-de-janeiro/ao-vivo/prefeitos-rio-niteroi-restricoes-covid.ghtml",
      "image": null,
      "regiao": "RJ",
      "localidade": "Rio de janeiro",
      "titulo": "Prefeitos de Rio e Niter\u00f3i anunciam medidas restritivas contra a Covid",
      "subTitulo": "Cidades fechar\u00e3o escolas, bares e restaurantes durante 'superferiado'; veja as restri\u00e7\u00f5es.",
      "dataPublicacao": "",
      "localPublicacao": "",
      "entidades": [],
      "noticia": [],
      "comentarios": []
   },
   {
      "url": "https://g1.globo.com/am/amazonas/edicao/2021/04/03/videos-numero-de-mortes-por-covid-19-no-am-reduz-77-veja-destaques-do-bds.ghtml",
      "image": "https://s2.glbimg.com/tj5HEmdGB8ZG-zEdIK7lOAGLuyk=/s01.video.glbimg.com/deo/vi/09/74/9407409",
      "regiao": "AM",
      "localidade": "Amazonas",
      "titulo": "",
      "subTitulo": "",
      "dataPublicacao": "",
      "localPublicacao": "",
      "entidades": [],
      "noticia": [],
      "comentarios": []
   },
   {
      "url": "https://g1.globo.com/am/amazonas/edicao/2021/03/31/videos-governo-nao-descarta-3-onda-de-covid-no-amazonas-veja-destaques-do-jam-2.ghtml",
      "image": "https://s2.glbimg.com/0zziukdYGwWCYKs1_mAjKvWoERo=/s01.video.glbimg.com/deo/vi/16/00/9400016",
      "regiao": "AM",
      "localidade": "Amazonas",
      "titulo": "",
      "subTitulo": "",
      "dataPublicacao": "",
      "localPublicacao": "",
      "entidades": [],
      "noticia": [],
      "comentarios": []
   },
   {
      "url": "https://g1.globo.com/bemestar/coronavirus/playlist/videos-historias-de-familias-destruidas-pela-covid.ghtml",
      "image": "https://s2.glbimg.com/cfprbhJikG-GZdZ9_FTrRG0Grhg=/s01.video.glbimg.com/deo/vi/13/97/9379713",
      "regiao": "BEMESTAR",
      "localidade": "Coronavirus",
      "titulo": "",
      "subTitulo": "",
      "dataPublicacao": "",
      "localPublicacao": "",
      "entidades": [],
      "noticia": [],
      "comentarios": []
   },
   {
      "url": "https://g1.globo.com/am/amazonas/edicao/2021/04/06/videos-governo-admite-risco-de-3-onda-da-covid-no-amazonas-veja-destaques-do-jam-2.ghtml",
      "image": "https://s2.glbimg.com/ZVbOwPENo20RmOAcdbvaTQh-yVA=/s01.video.glbimg.com/deo/vi/43/55/9415543",
      "regiao": "AM",
      "localidade": "Amazonas",
      "titulo": "",
      "subTitulo": "",
      "dataPublicacao": "",
      "localPublicacao": "",
      "entidades": [],
      "noticia": [],
      "comentarios": []
   },
   {
      "url": "https://g1.globo.com/am/amazonas/edicao/2021/04/08/videos-quadro-morreu-de-colar-destaca-aplicativo-que-ajuda-a-identificar-sintomas-da-covid-veja-destaques-do-bda.ghtml",
      "image": "https://s2.glbimg.com/g7WkU7UWatW0rhCASIv4vXL0XW4=/s01.video.glbimg.com/deo/vi/27/02/9420227",
      "regiao": "AM",
      "localidade": "Amazonas",
      "titulo": "",
      "subTitulo": "",
      "dataPublicacao": "",
      "localPublicacao": "",
      "entidades": [],
      "noticia": [],
      "comentarios": []
   },
   {
      "url": "https://g1.globo.com/am/amazonas/edicao/2021/04/09/videos-especialista-explica-como-novas-mutacoes-de-covid-19-sao-identificadas-veja-destaques-do-bda.ghtml",
      "image": "https://s2.glbimg.com/WTJuHKoJ1nRuw4AVhxVUBJmh0GY=/s01.video.glbimg.com/deo/vi/23/29/9422923",
      "regiao": "AM",
      "localidade": "Amazonas",
      "titulo": "",
      "subTitulo": "",
      "dataPublicacao": "",
      "localPublicacao": "",
      "entidades": [],
      "noticia": [],
      "comentarios": []
   },
   {
      "url": "https://g1.globo.com/am/amazonas/edicao/2021/04/08/videos-audiencia-na-aleam-discute-possivel-3-onda-da-covid-no-amazonas-veja-destaques-do-jam-2.ghtml",
      "image": "https://s2.glbimg.com/St53c7eb8dgsiGeePLb_duCmcxk=/s01.video.glbimg.com/deo/vi/48/19/9421948",
      "regiao": "AM",
      "localidade": "Amazonas",
      "titulo": "",
      "subTitulo": "",
      "dataPublicacao": "",
      "localPublicacao": "",
      "entidades": [],
      "noticia": [],
      "comentarios": []
   }
]